REF,Company (Manufacturer),Company Location,Review Date,Country of Bean Origin,Specific Bean Origin or Bar Name,Most Memorable Characteristics,Rating,Cocoa_Percent,Cream,Cocoa,Nut,Ingredients
797,A. Morin,France,2012,Bolivia,Bolivia,"vegetal, nutty",3.5,70,FALSE,FALSE,TRUE,"4- B,S,C,L"
797,A. Morin,France,2012,Peru,Peru,"fruity, melon, roasty",3.75,63,FALSE,FALSE,FALSE,"4- B,S,C,L"
1011,A. Morin,France,2013,Panama,Panama,"brief fruit note, earthy, nutty",2.75,70,FALSE,FALSE,TRUE,"4- B,S,C,L"
1015,A. Morin,France,2013,Colombia,Colombie,"burnt rubber,alkalyzed notes",2.75,70,FALSE,FALSE,FALSE,"4- B,S,C,L"
1011,A. Morin,France,2013,Madagascar,"Madagascar, Criollo","sticky, red fruit, sour",3,70,FALSE,FALSE,FALSE,"4- B,S,C,L"
1015,A. Morin,France,2013,Burma,Birmanie,"sticky, smokey, grass",3,70,FALSE,FALSE,FALSE,"4- B,S,C,L"
1011,A. Morin,France,2013,Brazil,Brazil,mild tobacco,3.25,70,FALSE,FALSE,FALSE,"4- B,S,C,L"
1015,A. Morin,France,2013,Papua New Guinea,Papua New Guinea,"mild fruit, strong smoke",3.25,70,FALSE,FALSE,FALSE,"4- B,S,C,L"
1019,A. Morin,France,2013,Peru,Piura,"green, nutty, cocoa",3.25,70,FALSE,TRUE,TRUE,"4- B,S,C,L"
1019,A. Morin,France,2013,Peru,Chanchamayo Province,"cocoa,sour,intense tangerine",3.5,70,FALSE,TRUE,FALSE,"4- B,S,C,L"
1011,A. Morin,France,2013,Ecuador,Equateur,"sandy, nutty, cocoa, fig",3.75,70,FALSE,TRUE,TRUE,"4- B,S,C,L"
1015,A. Morin,France,2013,Venezuela,Chuao,"oily, nut, caramel, raspberry",4,70,FALSE,FALSE,TRUE,"4- B,S,C,L"
1019,A. Morin,France,2013,Peru,Chanchamayo Province,"sweet, cocoa, tangerine",4,63,FALSE,TRUE,FALSE,"3- B,S,C"
1315,A. Morin,France,2014,Venezuela,"Carenero, Criollo","harsh, leather, earthy",2.75,70,FALSE,FALSE,FALSE,"4- B,S,C,L"
1315,A. Morin,France,2014,Cuba,Cuba,"sliglty dry, papaya",3.5,70,FALSE,FALSE,FALSE,"4- B,S,C,L"
1315,A. Morin,France,2014,Venezuela,"Sur del Lago, Criollo","nutty, mild choco, roasty",3.5,70,FALSE,FALSE,TRUE,"4- B,S,C,L"
1319,A. Morin,France,2014,Venezuela,"Puerto Cabello, Criollo","astringent, nutty, chocolatey",3.75,70,FALSE,FALSE,TRUE,"4- B,S,C,L"
1319,A. Morin,France,2014,Peru,Pablino,"delicate, hazelnut, brownie",4,70,FALSE,FALSE,TRUE,"4- B,S,C,L"
1676,A. Morin,France,2015,Togo,Kpime,"burnt wood, earthy, choco",2.75,70,FALSE,FALSE,FALSE,"4- B,S,C,L"
1676,A. Morin,France,2015,Togo,Atsane,"roasty, acidic, nutty",3,70,FALSE,FALSE,TRUE,"4- B,S,C,L"
1680,A. Morin,France,2015,Togo,Akata,"mild profile, chocolaty, spice",3.5,70,FALSE,FALSE,FALSE,"4- B,S,C,L"
1704,A. Morin,France,2015,Peru,Quilla,"grainy texture, cocoa, sweet",3.5,70,FALSE,TRUE,FALSE,"4- B,S,C,L"
1876,A. Morin,France,2016,Sao Tome,Agua Grande,"sweet, chocolatey, vegetal",3.75,63,FALSE,FALSE,FALSE,"4- B,S,C,L"
2206,A. Morin,France,2018,Venezuela,Porcelana,"alluring aroma, powdery,nutty",3.5,70,FALSE,FALSE,TRUE,"4- B,S,C,L"
2206,A. Morin,France,2018,Peru,Absolu,"sweet, dairy, spice, cocoa",3.75,63,FALSE,TRUE,FALSE,"4- B,S,C,L"
2648,A. Morin,France,2021,Mexico,La Joya,"light color, fruit, yogurt",4,70,FALSE,FALSE,FALSE,"4- B,S,C,L"
2716,A. Morin,France,2022,Bolivia,Ekeko,"woody, honey, leathery",2.75,70,FALSE,FALSE,FALSE,"4- B,S,C,L"
2712,A. Morin,France,2022,Peru,Cusco,"green banana, roasty, cocoa",3.5,70,FALSE,TRUE,FALSE,"3- B,S,C"
2712,A. Morin,France,2022,Indonesia,"Java, Arjuna","smoke dominates, hint of fruit",3.75,70,FALSE,FALSE,FALSE,"3- B,S,C"
75,Amedei,Italy,2006,Blend,Toscano Black,"red wine, rich cocoa, long",3.75,66,FALSE,TRUE,FALSE,Other
123,Amedei,Italy,2007,Ecuador,Ecuador,"creamy, earthy, vegetal",3,70,TRUE,FALSE,FALSE,Other
123,Amedei,Italy,2007,Jamaica,Jamaica,"sandy, woody, spicy",3,70,FALSE,FALSE,FALSE,Other
123,Amedei,Italy,2007,Grenada,Grenada,fruity with coffee notes,3.5,70,FALSE,FALSE,FALSE,Other
129,Amedei,Italy,2007,Trinidad,Trinidad,"coffee, fruit, woodsy",3.5,70,FALSE,FALSE,FALSE,Other
170,Amedei,Italy,2007,Blend,Toscano Black,"fatty, dairy, caramel, cocoa",3.5,63,FALSE,TRUE,FALSE,Other
123,Amedei,Italy,2007,Venezuela,Venezuela,"creamy, fruit, cocoa",3.75,70,TRUE,TRUE,FALSE,Other
979,Amedei,Italy,2012,Peru,"Piura, Blanco de Criollo","creamy, raspberry, nutty",3.75,70,TRUE,FALSE,TRUE,Other
2088,Amedei,Italy,2018,Madagascar,Madagascar,"vanilla, mint, roasty",3,70,FALSE,FALSE,FALSE,Other
2088,Amedei,Italy,2018,Venezuela,Chuao,"vanilla, nuts, roasty",3,70,FALSE,FALSE,TRUE,Other
2092,Amedei,Italy,2018,Venezuela,Porcelana,"nutty, mild roasty, vanilla",3,70,FALSE,FALSE,TRUE,Other
2092,Amedei,Italy,2018,Blend,Nine,"sweet, delicate, complex",3.5,75,FALSE,FALSE,FALSE,Other
2434,Amedei,Italy,2019,Blend,Toscano Black,"nut, fatty, rubbery, rich",2.75,70,FALSE,FALSE,TRUE,"3- B,S,C"
1602,Arete,U.S.A.,2015,Brazil,Fazenda Camboa,"floral, chemical off",2.75,75,FALSE,FALSE,FALSE,"2- B,S"
1602,Arete,U.S.A.,2015,Guatemala,Guatemala,"strawberry, butterscotch, off",3.25,70,FALSE,FALSE,FALSE,"2- B,S"
1534,Arete,U.S.A.,2015,Brazil,Fazenda Camboa,"creamy, rich, rum, roasty",3.5,70,TRUE,FALSE,FALSE,"2- B,S"
1534,Arete,U.S.A.,2015,Peru,Nacional,"floral, nutty, rich cocoa",3.5,68,FALSE,TRUE,TRUE,"2- B,S"
1598,Arete,U.S.A.,2015,Dominican Republic,Oko Caribe,"spicy, brownie, nutty",3.5,70,FALSE,FALSE,TRUE,"2- B,S"
1602,Arete,U.S.A.,2015,Ecuador,Camino Verde,"intense, floral, bourbon",3.5,75,FALSE,FALSE,FALSE,"3- B,S,C"
1534,Arete,U.S.A.,2015,Ecuador,"Puerto Quito, heirloom","spicy, cocoa",3.75,70,FALSE,TRUE,FALSE,"2- B,S"
1598,Arete,U.S.A.,2015,Belize,Maya Mountain,"floral, strawberry, metallic",3.75,70,FALSE,FALSE,FALSE,"2- B,S"
1598,Arete,U.S.A.,2015,Nicaragua,Chuno,"creamy,sticky, peanut butter",4,70,TRUE,FALSE,TRUE,"2- B,S"
1904,Arete,U.S.A.,2016,Ecuador,Hacienda Victoria,"sticky, floral, roasty",3.25,70,FALSE,FALSE,FALSE,"3- B,S,C"
1904,Arete,U.S.A.,2016,Ecuador,Costa Esmeraldas,"chewy, mild floral",3.25,70,FALSE,FALSE,FALSE,"3- B,S,C"
1928,Arete,U.S.A.,2016,Fiji,Matasawalevu,"smoke, hammy, cocoa base",3.25,70,FALSE,TRUE,FALSE,"2- B,S"
1928,Arete,U.S.A.,2016,Vietnam,Lam Dong,"earthy, nutty, cardboard",3.25,73,FALSE,FALSE,TRUE,"2- B,S"
1724,Arete,U.S.A.,2016,Trinidad,San Juan,"delicate, simple",3.5,70,FALSE,FALSE,FALSE,"2- B,S"
1900,Arete,U.S.A.,2016,Vietnam,Tien Giang,"cashew, roasty, chunky melt",3.5,73,FALSE,FALSE,FALSE,"3- B,S,C"
1904,Arete,U.S.A.,2016,Guatemala,Lachua,"subtle, mysterious",3.5,70,FALSE,FALSE,FALSE,"2- B,S"
1908,Arete,U.S.A.,2016,Honduras,"La Masica, FHIA","nutty, green",3.5,70,FALSE,FALSE,TRUE,"2- B,S"
1724,Arete,U.S.A.,2016,Tanzania,Kokoa Kamili,"appealing smoke, woody",3.75,70,FALSE,FALSE,FALSE,"2- B,S"
1904,Arete,U.S.A.,2016,Nicaragua,Rugoso,"muddy, rich cocoa, raspberry",3.75,70,FALSE,TRUE,FALSE,"3- B,S,C"
1928,Arete,U.S.A.,2016,Dominican Republic,Elvesia,"dark berry, chocolatey",3.75,70,FALSE,FALSE,FALSE,"2- B,S"
1908,Arete,U.S.A.,2016,Costa Rica,"Coto Brus, Terciopelo","balanced, cherry, choco",4,70,FALSE,FALSE,FALSE,"2- B,S"
1924,Arete,U.S.A.,2016,Peru,Phantom,"creamy, complex, balanced",4,70,TRUE,FALSE,FALSE,"2- B,S"
2020,Arete,U.S.A.,2017,India,Anamalai,"slight roasty, basic cocoa",3.5,70,FALSE,TRUE,FALSE,"2- B,S"
2020,Arete,U.S.A.,2017,Madagascar,Sambirano Valley,sour fruit,3.5,70,FALSE,FALSE,FALSE,"3- B,S,C"
2020,Arete,U.S.A.,2017,Vietnam,Ben Tre,"rich cocoa, mild roasty",3.5,73,FALSE,TRUE,FALSE,"3- B,S,C"
2028,Arete,U.S.A.,2017,Peru,Ucayali,"dried fruit, fig, anise",3.5,70,FALSE,FALSE,FALSE,"3- B,S,C"
2024,Arete,U.S.A.,2017,Bolivia,Beniano,"creamy, bright fruit",4,70,TRUE,FALSE,FALSE,"2- B,S"
2028,Arete,U.S.A.,2017,Haiti,Pisa,"long lasting, cocoa",4,70,FALSE,TRUE,FALSE,"2- B,S"
2068,Arete,U.S.A.,2018,Trinidad,Ramnath E.,"nuts, dried fruit, short",3,70,FALSE,FALSE,TRUE,"2- B,S"
2254,Arete,U.S.A.,2018,Colombia,Tumaco,"smooth, nutty, cocoa",4,70,FALSE,TRUE,TRUE,"2- B,S"
2450,Arete,U.S.A.,2019,India,Idukki,"burn butterscotch, rubbery",3,70,FALSE,FALSE,FALSE,"3- B,S,C"
2330,Arete,U.S.A.,2019,India,Jangareddygudem,"herbs, mushroom, acidic",3.25,70,FALSE,FALSE,FALSE,"3- B,S,C"
300,Artisan du Chocolat,U.K.,2008,Congo,Congo,"spicy, minty, vegetal",3.75,72,FALSE,FALSE,FALSE,"3- B,S,C"
363,Artisan du Chocolat,U.K.,2009,Brazil,Brazil Rio Doce,"cocoa, dominate off note",1.75,72,FALSE,TRUE,FALSE,"3- B,S,C"
355,Artisan du Chocolat,U.K.,2009,Venezuela,"Ocumare, Venezuela","oily, nutty, burnt, sour",2.5,75,FALSE,FALSE,TRUE,"3- B,S,C"
355,Artisan du Chocolat,U.K.,2009,Indonesia,Java,"gritty, very smokey, sour",2.75,72,FALSE,FALSE,FALSE,"3- B,S,C"
363,Artisan du Chocolat,U.K.,2009,Madagascar,Madagascar,"sl. bitter, cherry, rich",3,80,FALSE,FALSE,FALSE,"3- B,S,C"
363,Artisan du Chocolat,U.K.,2009,Peru,Peru,"spicey, mild metallic",3,75,FALSE,FALSE,FALSE,"3- B,S,C"
363,Artisan du Chocolat,U.K.,2009,Dominican Republic,Dominican Republic,"spice, cocoa, short",3.25,72,FALSE,TRUE,FALSE,"3- B,S,C"
486,Artisan du Chocolat,U.K.,2010,Venezuela,Venezuela,"very nutty, very bitter",1.75,100,FALSE,FALSE,TRUE,Other
600,Artisan du Chocolat,U.K.,2010,Costa Rica,Costa Rica,"chewy, grassy, nutty",3.25,72,FALSE,FALSE,TRUE,"3- B,S,C"
600,Artisan du Chocolat,U.K.,2010,Vietnam,Ba Ria Vung Tau Province,"unrefined, distinct spicey",3.25,72,FALSE,FALSE,FALSE,"3- B,S,C"
600,Artisan du Chocolat,U.K.,2010,Indonesia,Bali,black pepper and banana,3.5,72,FALSE,FALSE,FALSE,"3- B,S,C"
531,Artisan du Chocolat,U.K.,2010,Jamaica,Jamaica,"grassy, black licorice, mint",3.75,72,FALSE,FALSE,FALSE,"3- B,S,C"
745,Artisan du Chocolat,U.K.,2011,Panama,Panama,"blackpepper,chemical,rubber",2.75,72,FALSE,FALSE,FALSE,"3- B,S,C"
729,Artisan du Chocolat,U.K.,2011,Haiti,Haiti,"nuts, butterscotch, brownie",4,72,FALSE,FALSE,TRUE,"3- B,S,C"
947,Artisan du Chocolat,U.K.,2012,Colombia,"Colombia, Casa Luker","marshmallow, roasty, nutty",3.75,72,FALSE,FALSE,TRUE,"3- B,S,C"
1193,Artisan du Chocolat,U.K.,2013,Trinidad,"Trinidad, Heritage, Limited ed.","gritty, nutty",3.25,72,FALSE,FALSE,TRUE,"3- B,S,C"
233,Bittersweet Origins,U.S.A.,2008,Madagascar,Sambirano,"rich cocoa, red berry, sour",3,71,FALSE,TRUE,FALSE,"2- B,S"
256,Bittersweet Origins,U.S.A.,2008,Ghana,Ankasa,"nutmeg, sour",3,70,FALSE,FALSE,TRUE,"2- B,S"
233,Bittersweet Origins,U.S.A.,2008,Panama,Bocas del Toro,"intense, rum, tea",3.5,75,FALSE,FALSE,FALSE,"2- B,S"
233,Bittersweet Origins,U.S.A.,2008,Dominican Republic,Puerto Plata,"nutty, astringent",3.75,68,FALSE,FALSE,TRUE,"2- B,S"
414,Bittersweet Origins,U.S.A.,2009,Dominican Republic,Puerto Plata,"chalky, strong, harsh smoke",3,75,FALSE,FALSE,FALSE,"2- B,S"
423,Bittersweet Origins,U.S.A.,2009,Madagascar,Sambirano,"rustic, red berry, woody",3.25,75,FALSE,FALSE,FALSE,"2- B,S"
414,Bittersweet Origins,U.S.A.,2009,Dominican Republic,Puerto Plata,"intense marshmallow, cocoa",3.5,65,FALSE,TRUE,FALSE,"2- B,S"
431,Bittersweet Origins,U.S.A.,2009,Madagascar,Sambirano,chocolate covered cherries,3.5,65,FALSE,FALSE,FALSE,"2- B,S"
558,Bittersweet Origins,U.S.A.,2010,Indonesia,"Bali, Singaraja","pastey, off spicey, nutty",2.75,65,FALSE,FALSE,TRUE,"2- B,S"
565,Bittersweet Origins,U.S.A.,2010,Madagascar,"Sambirano, 2009","red berry, strong wine, sour",3,70,FALSE,FALSE,FALSE,"2- B,S"
565,Bittersweet Origins,U.S.A.,2010,Venezuela,"Ocumare, prototype","nutty, mild bitter",3,78,FALSE,FALSE,TRUE,"2- B,S"
478,Bittersweet Origins,U.S.A.,2010,Indonesia,"Bali, Singaraja","dry, cardamom, medicinal",3.25,75,FALSE,FALSE,FALSE,"2- B,S"
502,Bittersweet Origins,U.S.A.,2010,Blend,"2009 Hapa Nibby, Dominican Rep., Bali","robust, cocoa, fruity",3.75,70,FALSE,TRUE,FALSE,"2- B,S"
963,Bittersweet Origins,U.S.A.,2012,Ghana,Ghana,"roasted nuts, rich, roasty",3.5,72,FALSE,FALSE,TRUE,"3- B,S,C"
81,Bonnat,France,2006,Blend,One Hundred,"acidic, bitter, dry",1.5,100,FALSE,FALSE,FALSE,Other
81,Bonnat,France,2006,Sri Lanka,Ceylan,"vegetal, dominant tobacco",3,75,FALSE,FALSE,FALSE,"3- B,S,C"
24,Bonnat,France,2006,Blend,"Carribean, Trinite","spice, woodsy, long lasting",3.75,75,FALSE,FALSE,FALSE,"3- B,S,C"
32,Bonnat,France,2006,Venezuela,"Ocumare, Puerto Cabello","sandy, creamy, berry",3.75,75,TRUE,FALSE,FALSE,"3- B,S,C"
75,Bonnat,France,2006,Madagascar,Madagascar,"mellow, tart, coffee",3.75,75,FALSE,FALSE,FALSE,"3- B,S,C"
48,Bonnat,France,2006,Venezuela,"Maracaibo, El Rosario","creamy, fatty, floral",4,75,TRUE,FALSE,FALSE,"3- B,S,C"
81,Bonnat,France,2006,Venezuela,Chuao,"creamy, coconut, tang",4,75,TRUE,FALSE,TRUE,"3- B,S,C"
123,Bonnat,France,2007,Ecuador,Equateur,"dry, floral, bitter",2.5,75,FALSE,FALSE,FALSE,"3- B,S,C"
199,Bonnat,France,2008,Venezuela,"Porcelana, Venezuela","creamy, strawberry, nutty",4,75,TRUE,FALSE,TRUE,"3- B,S,C"
336,Bonnat,France,2009,Peru,"Porcelana, Apotequil","flat, bread, earthy",2.75,75,FALSE,FALSE,FALSE,"3- B,S,C"
331,Bonnat,France,2009,Ivory Coast,Ivory Coast,"oily, intense cocoa, sl. Burnt",3,75,FALSE,TRUE,FALSE,"3- B,S,C"
336,Bonnat,France,2009,Mexico,"Porcelana, Tabasco, Marfil de Blanco","mild bitter, nut, possible mold",3,75,FALSE,FALSE,TRUE,"3- B,S,C"
395,Bonnat,France,2009,Mexico,"Xoconusco, cacao Real","fatty, roasty, earthy",3,75,FALSE,FALSE,FALSE,"3- B,S,C"
761,Bonnat,France,2011,Jamaica,Jamaique,"oily, creamy, woody",3.25,75,TRUE,FALSE,FALSE,"3- B,S,C"
629,Bonnat,France,2011,Cuba,Cuba,"fatty, raisin, grape",3.5,75,FALSE,FALSE,FALSE,"3- B,S,C"
629,Bonnat,France,2011,Peru,"Cusco, Cacao Cusco","roasty, woody, mint",3.5,75,FALSE,FALSE,FALSE,"3- B,S,C"
629,Bonnat,France,2011,Peru,Piura Blanco,"creamy, cocoa, smokey",3.5,75,TRUE,TRUE,FALSE,"3- B,S,C"
672,Bonnat,France,2011,Brazil,Juliana,"oily,fatty, rich, nutty",3.5,75,FALSE,FALSE,TRUE,"3- B,S,C"
629,Bonnat,France,2011,Brazil,Libanio,"chunky, very grassy, mild mint",3.75,75,FALSE,FALSE,FALSE,"3- B,S,C"
629,Bonnat,France,2011,Haiti,Haiti,"grassy, black pepper",4,75,FALSE,FALSE,FALSE,"3- B,S,C"
629,Bonnat,France,2011,Madagascar,"Madagascar, 100% criollo","fatty, spicy, gentle roast",4,75,FALSE,FALSE,FALSE,"3- B,S,C"
1042,Bonnat,France,2013,Gabon,Gabon,"fatty, roasty, black pepper",3.25,75,FALSE,FALSE,FALSE,"3- B,S,C"
1038,Bonnat,France,2013,Brazil,Maragnam,"oily, roasted nuts, rich cocoa",3.5,75,FALSE,TRUE,TRUE,"3- B,S,C"
1418,Bonnat,France,2014,Dominican Republic,"Los Colorados, Santo Domingo, Equateur","roasty, tobacco, earthy",3.25,75,FALSE,FALSE,FALSE,"3- B,S,C"
1418,Bonnat,France,2014,Blend,"Surfin, Venez,Africa,Brasil,Peru,Mex","complex, brownie,mint, spice",3.75,65,FALSE,FALSE,FALSE,"3- B,S,C"
1339,Bonnat,France,2014,Brazil,Kaori,"creamy, homey, nutty",4,75,TRUE,FALSE,TRUE,"3- B,S,C"
1912,Bonnat,France,2016,Mexico,Selva Maya,"heavy roast, fatty, gateway",3.5,75,FALSE,FALSE,FALSE,"3- B,S,C"
2246,Bonnat,France,2018,Peru,Madre de Dios,"oily, subtle, mild coffee",4,75,FALSE,FALSE,FALSE,"3- B,S,C"
2250,Bonnat,France,2018,Blend,"El Rosario, Xoconuzco, Cusco, Sambirano","creamy, rich, complex",4,75,TRUE,FALSE,FALSE,"3- B,S,C"
2554,Bonnat,France,2021,Nicaragua,"El Castillero, Indio Maiz","bold, woody, nut, roasty, creamy",3.75,75,TRUE,FALSE,TRUE,"3- B,S,C"
2780,Bonnat,France,2022,Philippines,"Philippines, ""Les Sirenes""","nutty, roasty, granola",3.5,75,FALSE,FALSE,TRUE,"3- B,S,C"
2832,Bonnat,France,2023,Mexico,"Mexico, Kuna Balam","fatty, flat, charred, orange peel",2.75,75,FALSE,FALSE,FALSE,"3- B,S,C"
2832,Bonnat,France,2023,Uganda,"Uganda, Geant des Brames","orange peel, nutty, fatty, roasty",3.25,75,FALSE,FALSE,TRUE,"3- B,S,C"
1105,Castronovo,U.S.A.,2013,Peru,"San Martin, batch 155","sandy, fruity, acidic, metallic",2.5,70,FALSE,FALSE,FALSE,"3- B,S,C"
1153,Castronovo,U.S.A.,2013,Peru,"Tumbes, batch 176","molasses, cocoa",2.75,70,FALSE,TRUE,FALSE,"3- B,S,C"
1101,Castronovo,U.S.A.,2013,Bolivia,"Bolivia, batch 166","sandy, tobacco, molasses",3,70,FALSE,FALSE,FALSE,"3- B,S,C"
1153,Castronovo,U.S.A.,2013,Venezuela,"Guaniamo, batch 173",mild metallic and spice,3,72,FALSE,FALSE,FALSE,"3- B,S,C"
1105,Castronovo,U.S.A.,2013,Venezuela,"Guaniamo, Amazonas, batch 159","sandy, nutty, cocoa",3.25,70,FALSE,TRUE,TRUE,"3- B,S,C"
1109,Castronovo,U.S.A.,2013,Nicaragua,"Nicaragua, batch 164","sandy, molasses, spice",3.25,72,FALSE,FALSE,FALSE,"3- B,S,C"
1101,Castronovo,U.S.A.,2013,Dominican Republic,"Conacado, batch 161","sandy, mild intensity, fruit",3.5,73,FALSE,FALSE,FALSE,"2- B,S"
1407,Castronovo,U.S.A.,2014,Dominican Republic,Elvesia P.,"soapy, earthy",2.75,70,FALSE,FALSE,FALSE,"3- B,S,C"
1347,Castronovo,U.S.A.,2014,Colombia,"Sierra Nevada, batch 1","caramel, molasses, fruit",3.5,72,FALSE,FALSE,FALSE,"3- B,S,C"
1371,Castronovo,U.S.A.,2014,Colombia,"Arauca, batch 280","caramel, sweet, delicate",3.5,76,FALSE,FALSE,FALSE,"3- B,S,C"
1570,Castronovo,U.S.A.,2015,Honduras,"the lost city, gracias a dias, batch 362","roasty, black pepper, nutty",3.5,72,FALSE,FALSE,TRUE,"3- B,S,C"
1574,Castronovo,U.S.A.,2015,Venezuela,"Piaroa, Amazonas, Batch 350","nutty, floral, roasty",3.5,72,FALSE,FALSE,TRUE,"3- B,S,C"
1570,Castronovo,U.S.A.,2015,Dominican Republic,"Duarte, Batch 360","med roast, grassy, dried fruit",3.75,70,FALSE,FALSE,FALSE,"3- B,S,C"
1724,Castronovo,U.S.A.,2016,Belize,"Maya Mtn, Batch 454, Heirloom","bright fruit, molasses, nutty",4,72,FALSE,FALSE,TRUE,"3- B,S,C"
1956,Castronovo,U.S.A.,2017,Venezuela,"Patanemo, batch 539","nutty, roasty, caramel",3.25,70,FALSE,FALSE,TRUE,"2- B,S"
2354,Castronovo,U.S.A.,2019,Puerto Rico,Puerto Rico,"smooth, mellow, floral",3.5,70,FALSE,FALSE,FALSE,"3- B,S,C"
2314,Castronovo,U.S.A.,2019,Mexico,"Xoconusco, criollo, batch 834","smooth, caramel, dried fruit",3.75,70,FALSE,FALSE,FALSE,"3- B,S,C"
2554,Castronovo,U.S.A.,2021,Peru,"Valle de Los Rios, batch 990","complex, strawberry, floral",4,70,FALSE,FALSE,FALSE,"3- B,S,C"
2688,Castronovo,U.S.A.,2021,Venezuela,"Chuao, batch 1089","mild strawberry, cocoa, acidic",4,72,FALSE,TRUE,FALSE,"3- B,S,C"
196,Coppeneur,Germany,2007,Madagascar,"Sambirano, Menava P.","creamy, woodsy, cocoa",3,72,TRUE,TRUE,FALSE,"3- B,S,C"
220,Coppeneur,Germany,2008,Mexico,"Porcelana, Tabasco, Mexico","intense, tangy, berry, sour",3,72,FALSE,FALSE,FALSE,"3- B,S,C"
220,Coppeneur,Germany,2008,Venezuela,"Porcelana, Venezuela","lemon, sour, slight metallic",3,72,FALSE,FALSE,FALSE,"3- B,S,C"
341,Coppeneur,Germany,2009,Peru,"Porcelana, Apotequil","creamy, buttery, non descript",3,72,TRUE,FALSE,FALSE,"3- B,S,C"
445,Coppeneur,Germany,2009,Peru,"Porcelana, Apotequil","woodsy, nutty",3.25,62,FALSE,FALSE,TRUE,"3- B,S,C"
451,Coppeneur,Germany,2009,Venezuela,Chuao 100hr,"slow, less intense berry, nutty",3.5,70,FALSE,FALSE,TRUE,"3- B,S,C"
451,Coppeneur,Germany,2009,Venezuela,Chuao 70hr,"dark berry, winey",3.75,70,FALSE,FALSE,FALSE,"3- B,S,C"
558,Coppeneur,Germany,2010,Ecuador,"Los Rios, H. Iara","harsh aroma, melon floral,off",2.5,72,FALSE,FALSE,FALSE,"3- B,S,C"
478,Coppeneur,Germany,2010,Venezuela,Chuao,"fruity, bland",3,70,FALSE,FALSE,FALSE,"3- B,S,C"
558,Coppeneur,Germany,2010,Trinidad,Trinidad,"dry, spicy, woody",3,72,FALSE,FALSE,FALSE,"3- B,S,C"
470,Coppeneur,Germany,2010,Grenada,Grenada,coffee and cocoa,3.25,72,FALSE,TRUE,FALSE,"3- B,S,C"
558,Coppeneur,Germany,2010,Jamaica,Jamaica,"oily, fatty, rum",3.25,72,FALSE,FALSE,FALSE,"3- B,S,C"
558,Coppeneur,Germany,2010,Venezuela,Ocumare 61,"oily, coffee",3.25,72,FALSE,FALSE,FALSE,"3- B,S,C"
817,Coppeneur,Germany,2012,Ecuador,Ecuador Puristique,high intensity bitter,1.5,100,FALSE,FALSE,FALSE,Other
813,Coppeneur,Germany,2012,Ghana,Ghana Puristique,"silky, minty",3.5,85,FALSE,FALSE,FALSE,"3- B,S,C"
959,Coppeneur,Germany,2012,Madagascar,Madagascar,"sandy, sweet, tart red berry",3.5,70,FALSE,FALSE,FALSE,"3- B,S,C"
821,Coppeneur,Germany,2012,Blend,"Uba Budo, Sao Tome & Principe","creamy, nutty, cocoa",3.75,72,TRUE,TRUE,TRUE,"3- B,S,C"
1169,Coppeneur,Germany,2013,Ecuador,"Ecuador, Puristique","oily, fragrant, spciy",3.25,65,FALSE,FALSE,FALSE,"4- B,S,C,L"
1984,Coppeneur,Germany,2017,Ghana,Ghana,"oily, rich cocoa, nutty",3.75,75,FALSE,TRUE,TRUE,"3- B,S,C"
805,Dandelion,U.S.A.,2012,Costa Rica,Upala,"dried fruit, tannic",3,70,FALSE,FALSE,FALSE,"2- B,S"
805,Dandelion,U.S.A.,2012,Colombia,Colombian,"grassy, green, candy spice",3.25,70,FALSE,FALSE,FALSE,"2- B,S"
915,Dandelion,U.S.A.,2012,Dominican Republic,"Elvesia, 2011","spicy, fudgey",3.75,70,FALSE,FALSE,FALSE,"2- B,S"
1026,Dandelion,U.S.A.,2013,Venezuela,"Cumboto, farmer Jose Lugo, batch 1","acidic, sour, cocoa",2.75,70,FALSE,TRUE,FALSE,"2- B,S"
1026,Dandelion,U.S.A.,2013,Venezuela,"Patanemo, batch 3","licorice, sour, rich cocoa",3.25,70,FALSE,TRUE,FALSE,"2- B,S"
1085,Dandelion,U.S.A.,2013,Venezuela,"Mantuano, 2012, batch 1","roasty, oreo shell, coffee",3.5,70,FALSE,FALSE,FALSE,"2- B,S"
1153,Dandelion,U.S.A.,2013,Papua New Guinea,"Papua New Guinea, batch 1","mild smoke, raspberry,cocoa",3.5,70,FALSE,TRUE,FALSE,"2- B,S"
1303,Dandelion,U.S.A.,2014,Liberia,Buto,"roasty, spicy, nutty",2.75,70,FALSE,FALSE,TRUE,"2- B,S"
1219,Dandelion,U.S.A.,2014,Belize,Maya Mountain,"heavy roast, blackberry",3.5,70,FALSE,FALSE,FALSE,"2- B,S"
1295,Dandelion,U.S.A.,2014,Ecuador,"Camino Verde P., Balao, Guayas, 2013","gummy, nutty, bourbon",3.5,70,FALSE,FALSE,TRUE,"2- B,S"
1387,Dandelion,U.S.A.,2014,Dominican Republic,"San Francisco de Macoris, Cibao region","cherry, rich choco",3.75,70,FALSE,FALSE,FALSE,"2- B,S"
1446,Dandelion,U.S.A.,2015,Belize,"Maya Mtn., Break Bar- Snark","intense, roasty, coffee, raisin",3,70,FALSE,FALSE,FALSE,"2- B,S"
1816,Dandelion,U.S.A.,2016,Dominican Republic,"Zorzal Reserva, 2015 H., Kerchner","cherry, rich choco",3.75,70,FALSE,FALSE,FALSE,"2- B,S"
2024,Dandelion,U.S.A.,2017,Costa Rica,"Hacienda Azul, 2016 Harvest","cocoa, sour, toffee, earthy",3,70,FALSE,TRUE,FALSE,"2- B,S"
2178,Dandelion,U.S.A.,2018,Sierra Leone,"Gola Rainforest, 2017 harvest","vegetal, high astringency",3,70,FALSE,FALSE,FALSE,"2- B,S"
2178,Dandelion,U.S.A.,2018,Honduras,"WAMPU, La Mosquitia, 2017 harvest","nutty, moderate acidity",3.25,70,FALSE,FALSE,TRUE,"2- B,S"
2178,Dandelion,U.S.A.,2018,India,"Anamalai, 2017 harvest","ripe orange, citrus",3.5,70,FALSE,FALSE,FALSE,"2- B,S"
2386,Dandelion,U.S.A.,2019,Vietnam,"Ben Tre, 2018 Harvest","green apple, sticky",3.5,70,FALSE,FALSE,FALSE,"2- B,S"
2602,Dandelion,U.S.A.,2021,Guatemala,"Cahabon, Cacao Verapaz, ADIOESMAC, batch 1","pungent, woody, choco pudding",2.75,70,FALSE,FALSE,FALSE,"2- B,S"
2602,Dandelion,U.S.A.,2021,India,"Anamalai, 2018 H., batch 1","pungent, sour, tart, intense",2.75,70,FALSE,FALSE,FALSE,"2- B,S"
2550,Dandelion,U.S.A.,2021,Peru,"Piura Blanco, 2015 h.,Norandino Coop, batch 1","grape, pungent",3.25,70,FALSE,FALSE,FALSE,"2- B,S"
2602,Dandelion,U.S.A.,2021,India,"Anamalai, 2019 H., batch 1, nutmeg fermentation","orange soda, sour",3.25,70,FALSE,FALSE,FALSE,"2- B,S"
2546,Dandelion,U.S.A.,2021,Tanzania,"Kokoa Kamili, 2017 h., batch 2","dairy, honey, cocoa",3.5,70,FALSE,TRUE,FALSE,"2- B,S"
2550,Dandelion,U.S.A.,2021,Dominican Republic,"Zorzal Estate, 2016 h., batch 1","faint fruit, basic fudgey",3.5,70,FALSE,FALSE,FALSE,"2- B,S"
2546,Dandelion,U.S.A.,2021,Brazil,"Vale Potumuju, 2019 h., batch 1",distinct choco and graham,4,70,FALSE,FALSE,FALSE,"2- B,S"
661,Dick Taylor,U.S.A.,2011,Madagascar,Sambirano,"sandy, flat, hint of berry",2.75,80,FALSE,FALSE,FALSE,"2- B,S"
682,Dick Taylor,U.S.A.,2011,Venezuela,Mantuano,"sticky, very roasty, nutty",2.75,75,FALSE,FALSE,TRUE,"2- B,S"
769,Dick Taylor,U.S.A.,2011,Dominican Republic,La Red,"earthy, tart, sour",3,74,FALSE,FALSE,FALSE,"2- B,S"
769,Dick Taylor,U.S.A.,2011,Ecuador,Ecuador,"grassy, tea, late sour",3.25,70,FALSE,FALSE,FALSE,"2- B,S"
895,Dick Taylor,U.S.A.,2012,Bolivia,Bolivia,"dry, mint, medicinal",2.75,75,FALSE,FALSE,FALSE,"2- B,S"
1034,Dick Taylor,U.S.A.,2013,Ecuador,"Ecuador, Choc. Garage Exclusive","oily, black pepper, roasty",3.25,70,FALSE,FALSE,FALSE,"2- B,S"
1193,Dick Taylor,U.S.A.,2013,Ecuador,Camino Verde,"butter, floral, rum",3.5,76,FALSE,FALSE,FALSE,"2- B,S"
1235,Dick Taylor,U.S.A.,2014,Dominican Republic,Elvesia,"mild fruit and spice, roasty",3.5,74,FALSE,FALSE,FALSE,"2- B,S"
1634,Dick Taylor,U.S.A.,2015,Bolivia,"Alto Beni, Wild Harvest, Limited Ed.","sticky, rich, cherry",3.75,70,FALSE,FALSE,FALSE,"2- B,S"
1864,Dick Taylor,U.S.A.,2016,Vietnam,Tien Giang,"tropical berry, intense",3.5,78,FALSE,FALSE,FALSE,"2- B,S"
1952,Dick Taylor,U.S.A.,2017,Guatemala,Lanquin Estate,"blackberry, raisns",3.75,70,FALSE,FALSE,FALSE,"2- B,S"
1972,Dick Taylor,U.S.A.,2017,Brazil,"Fazenda Camboa, Bahia, batch 17009","sticky, roasty nibs, grapes",3.75,75,FALSE,FALSE,FALSE,"2- B,S"
2016,Dick Taylor,U.S.A.,2017,Solomon Islands,"Solomon Is.,batch 17158, N.Vela","well defined, creamy, cherry",4,72,TRUE,FALSE,FALSE,"2- B,S"
2258,Dick Taylor,U.S.A.,2018,Fiji,"Vanua Levu, Matasawalevu","cocoa, tea, malt",3.75,80,FALSE,TRUE,FALSE,"2- B,S"
2434,Dick Taylor,U.S.A.,2019,Madagascar,"Akesson P., Sambirano","sticky, dried fruit, toast, cocoa",3.75,72,FALSE,TRUE,FALSE,"2- B,S"
2270,Dick Taylor,U.S.A.,2019,Belize,"Maya Mtn, Toledo","creamy, sticky, dried fruit",4,72,TRUE,FALSE,FALSE,"2- B,S"
2466,Dick Taylor,U.S.A.,2020,Blend,"Northerner, Madagascar and Brazil","burnt honey, earthy",3.5,73,FALSE,FALSE,FALSE,"2- B,S"
2554,Dick Taylor,U.S.A.,2021,Jamaica,"Bachelor's Hall, batch 20240","sl. bitter, black licorice, dried fig",3.75,75,FALSE,FALSE,FALSE,"2- B,S"
2656,Dick Taylor,U.S.A.,2021,Mexico,"Soconusco, Rayen Cacao Co-op, batch 21154","dried fruit, fig, astringent, sticky",4,72,FALSE,FALSE,FALSE,"2- B,S"
87,Domori,Italy,2006,Venezuela,Sur del Lago Classificado,"long lasting, fruit",3,70,FALSE,FALSE,FALSE,"2- B,S"
87,Domori,Italy,2006,Peru,Apurimac,"floral, olive",3.25,70,FALSE,FALSE,FALSE,"2- B,S"
87,Domori,Italy,2006,Venezuela,Carenero Superior,"creamy, basic cocoa",3.5,70,TRUE,TRUE,FALSE,"2- B,S"
129,Domori,Italy,2007,Venezuela,"Ocumare 61, Puertomar","sticky, smoke, ham, earthy",3.25,75,FALSE,FALSE,FALSE,"2- B,S"
135,Domori,Italy,2007,Venezuela,Granella,"mild spice, licorice",3.25,60,FALSE,FALSE,FALSE,"2- B,S"
135,Domori,Italy,2007,Madagascar,Madagascar,"fruity, basic cocoa",3.5,70,FALSE,TRUE,FALSE,"2- B,S"
192,Domori,Italy,2007,Madagascar,Madagared,"smooth, banana, cocoa",3.5,70,FALSE,TRUE,FALSE,"2- B,S"
192,Domori,Italy,2007,Indonesia,"Java, Javablond","creamy, smokey, tobacco",3.75,70,TRUE,FALSE,FALSE,"2- B,S"
111,Domori,Italy,2007,Venezuela,Porcelana,"creamy, complex, coffee",4,70,TRUE,FALSE,FALSE,"2- B,S"
192,Domori,Italy,2007,Ecuador,Ecuador,"creamy, nuts, woody, cocoa",4,70,TRUE,TRUE,TRUE,"2- B,S"
192,Domori,Italy,2007,Venezuela,"Ocumare 67, Puertofino","creamy, mint, tobacco, olive",4,70,TRUE,FALSE,FALSE,"2- B,S"
227,Domori,Italy,2008,Venezuela,"Carupano, H. San Jose","cucumber, hot spices",3,70,FALSE,FALSE,FALSE,"2- B,S"
272,Domori,Italy,2008,Colombia,Teyuna,"creamy, woody, earthy",3,70,TRUE,FALSE,FALSE,"2- B,S"
272,Domori,Italy,2008,Blend,Blend No. 1,"sticky, grassy, coffee",3.5,78,FALSE,FALSE,FALSE,"2- B,S"
272,Domori,Italy,2008,Blend,Ilblend,"sticky, olive",3.75,70,FALSE,FALSE,FALSE,"2- B,S"
470,Domori,Italy,2010,Venezuela,"Chuao, Hacienda San Jose","subtle, caramel, sour milk",3,70,FALSE,FALSE,FALSE,"2- B,S"
693,Domori,Italy,2011,Venezuela,"Canoabo, Hacienda San Jose","smooth, intense, smoke, nut",3.5,70,FALSE,FALSE,TRUE,"2- B,S"
863,Domori,Italy,2012,Tanzania,Morogoro,"sticky, nutty",3.5,70,FALSE,FALSE,TRUE,"2- B,S"
863,Domori,Italy,2012,Venezuela,Guasare,"creamy, coffee, caramel",3.75,70,TRUE,FALSE,FALSE,"2- B,S"
1109,Domori,Italy,2013,Venezuela,"IL100, H. San Jose, batch NDL3A01","smooth, fruit, coffee, bitter",3,100,FALSE,FALSE,FALSE,Other
1672,Domori,Italy,2015,Ecuador,Hacienda Victoria,"floral, well developed, creamy",3.75,70,TRUE,FALSE,FALSE,"2- B,S"
1672,Domori,Italy,2015,Venezuela,Ocumare 77,"nutty, strawberry, creamy",3.75,70,TRUE,FALSE,TRUE,"2- B,S"
2040,Domori,Italy,2018,Tanzania,Tanzania,"creamy, sticky, fruit",4,70,TRUE,FALSE,FALSE,"2- B,S"
2748,Domori,Italy,2022,Brazil,Brazil,"grassy, herbal, tea",3.5,70,FALSE,FALSE,FALSE,"2- B,S"
523,Duffy's,U.K.,2010,Ecuador,Star of Ecuador,"chalky, bread, dirt",2.5,70,FALSE,FALSE,FALSE,"3- B,S,C"
516,Duffy's,U.K.,2010,Panama,Panama,caramel and cocoa,3.5,70,FALSE,TRUE,FALSE,"3- B,S,C"
516,Duffy's,U.K.,2010,Ecuador,"Corazon del Ecuador, Calceta beans","rich cocoa, fruity, strong floral",3.75,72,FALSE,TRUE,FALSE,"3- B,S,C"
523,Duffy's,U.K.,2010,Peru,Star of Peru,"dark forest berry, spice",3.75,70,FALSE,FALSE,FALSE,"3- B,S,C"
697,Duffy's,U.K.,2011,Panama,"Bocas del Toro, Tierra Oscura","licorice, leathery",3,72,FALSE,FALSE,FALSE,"3- B,S,C"
697,Duffy's,U.K.,2011,Nicaragua,"Nicaliso, Xoco","intense, almond, coffee",3.25,71,FALSE,FALSE,FALSE,"3- B,S,C"
661,Duffy's,U.K.,2011,Dominican Republic,Dominican Republic,"heavy roast, woody, berry",3.5,65,FALSE,FALSE,FALSE,"3- B,S,C"
765,Duffy's,U.K.,2011,Venezuela,Ocumare,intense cocoa,3.5,71,FALSE,TRUE,FALSE,"3- B,S,C"
623,Duffy's,U.K.,2011,Honduras,"Indio Rojo, Xoco","dried fruit, grapes, sour",3.75,72,FALSE,FALSE,FALSE,"3- B,S,C"
923,Duffy's,U.K.,2012,Venezuela,Ocumare,"creamy, nutty",3.75,72,TRUE,FALSE,TRUE,"3- B,S,C"
1331,Duffy's,U.K.,2014,Nicaragua,"Chuno, Xoco","sandy, full bodied, spicy",3.5,70,FALSE,FALSE,FALSE,"4- B,S,C,L"
1331,Duffy's,U.K.,2014,Nicaragua,"Rico Rugoso, Xoco","black pepper, rich, intense",3.75,76,FALSE,FALSE,FALSE,"4- B,S,C,L"
1662,Duffy's,U.K.,2015,Guatemala,"Rio Dulce, Xoco","intense, spicy, butterscotch",4,70,FALSE,FALSE,FALSE,"4- B,S,C,L"
1964,Duffy's,U.K.,2017,Nigeria,Eti-Oni,candy like off flavor,2.75,70,FALSE,FALSE,FALSE,"4- B,S,C,L"
2100,Duffy's,U.K.,2018,Guatemala,Mayan Red,"intense earthy, cocoa, roasty",3.25,80,FALSE,TRUE,FALSE,"4- B,S,C,L"
2366,Duffy's,U.K.,2019,Philippines,South Cotabato,"cocoa, honey, watery, sweet",3.5,70,FALSE,TRUE,FALSE,"4- B,S,C,L"
2648,Duffy's,U.K.,2021,Nicaragua,"Juno, batch 201006","fruit, holiday spice",3.5,70,FALSE,FALSE,FALSE,"4- B,S,C,L"
1772,Fossa,Singapore,2016,Madagascar,"Akesson's E., Sambirano V.","gummy, bland, sour",2.75,70,FALSE,FALSE,FALSE,"2- B,S"
1776,Fossa,Singapore,2016,Ecuador,"Camino Verde P., Balao, Guayas","sticky, floral",3.5,75,FALSE,FALSE,FALSE,"2- B,S"
1776,Fossa,Singapore,2016,Tanzania,"Kokoa Kamili Coop, Kilombero","gummy, sandy, complex",3.75,67,FALSE,FALSE,FALSE,"2- B,S"
2076,Fossa,Singapore,2018,Dominican Republic,Oko Caribe,"coffee, acidic, astringent",2.75,72,FALSE,FALSE,FALSE,"2- B,S"
2072,Fossa,Singapore,2018,Bolivia,Alto Beni,"nuts, sour milk",3,70,FALSE,FALSE,TRUE,"2- B,S"
2072,Fossa,Singapore,2018,Indonesia,"Pak Eddy Farm, Yogyakarta Region","sandy, powdery, late sour",3,70,FALSE,FALSE,FALSE,"2- B,S"
2072,Fossa,Singapore,2018,Philippines,Davao,"sandy, dried fruit, roasty",3.25,70,FALSE,FALSE,FALSE,"2- B,S"
2072,Fossa,Singapore,2018,Haiti,Pisa,"roasty, hazelnut, cocoa",3.5,68,FALSE,TRUE,TRUE,"2- B,S"
2430,Fossa,Singapore,2019,Mexico,"Finca La Rioja E., Cacahoatan, Chiapas, microlot","sticky, dried sour fruit, roasty",3,70,FALSE,FALSE,FALSE,"2- B,S"
2430,Fossa,Singapore,2019,Madagascar,"Ottange Farm, Mava Plantation, Sambirano","roasted nuts, citrus, creamy",3.5,70,TRUE,FALSE,TRUE,"2- B,S"
2712,Fossa,Singapore,2021,Indonesia,"Burang, Popayato-Paquat microlot, Goranulo Province","dried fruit (fig), black licorice",3.5,72,FALSE,FALSE,FALSE,"2- B,S"
2712,Fossa,Singapore,2021,Malaysia,"Semai Community, Kamping Long B, Pahang","dairy, cocoa, mild sour",3.5,72,FALSE,TRUE,FALSE,"2- B,S"
370,Fresco,U.S.A.,2009,Jamaica,"Jamaica, #204, DR, SC","slightly burnt, earthy",2.75,80,FALSE,FALSE,FALSE,"3- B,S,C"
370,Fresco,U.S.A.,2009,Jamaica,"Jamaica, #206, DR, LC","creamy, simple, nutty",3,70,TRUE,FALSE,TRUE,"3- B,S,C"
370,Fresco,U.S.A.,2009,Jamaica,"Jamaica, #205, DR, MC","creamy, roasty, tobacco",3.25,70,TRUE,FALSE,FALSE,"3- B,S,C"
370,Fresco,U.S.A.,2009,Venezuela,"Carenero Superior, #203, MR, SC","complex, mild licorice, spice",3.5,65,FALSE,FALSE,FALSE,"3- B,S,C"
636,Fresco,U.S.A.,2011,Ghana,"Ghana, #211, MR, MC","mild bitter, mild cocoa, roasty",2.75,74,FALSE,TRUE,FALSE,"3- B,S,C"
682,Fresco,U.S.A.,2011,Madagascar,"Sambirano Valley, #214, LR, MC","woody, red fruit, sour",2.75,74,FALSE,FALSE,FALSE,"3- B,S,C"
688,Fresco,U.S.A.,2011,Madagascar,"Sambirano Valley, #215, MR, MC","sandy, cocoa, red fruit",3,74,FALSE,TRUE,FALSE,"3- B,S,C"
642,Fresco,U.S.A.,2011,Jamaica,"Jamaica, #209, DR, SC","grassy, brownie, astringent",3.25,70,FALSE,FALSE,FALSE,"3- B,S,C"
682,Fresco,U.S.A.,2011,Dominican Republic,"Conacado, #213, DR, -C","spicy, cocoa",3.25,72,FALSE,TRUE,FALSE,"3- B,S,C"
745,Fresco,U.S.A.,2011,Venezuela,"Chuao, #218, MR, MC, batch 11-020","bready, nutty, earthy,intense",3.25,76,FALSE,FALSE,TRUE,"3- B,S,C"
642,Fresco,U.S.A.,2011,Dominican Republic,"Conacado, #212, LR, SC","red berry, some roasty notes",3.5,72,FALSE,FALSE,FALSE,"3- B,S,C"
642,Fresco,U.S.A.,2011,Jamaica,"Jamaica, #210, DR, MC","woody, grassy, long",3.5,70,FALSE,FALSE,FALSE,"3- B,S,C"
745,Fresco,U.S.A.,2011,Venezuela,"Chuao, #217, DR, MC, batch 11-021","tart, roasted cocoa",4,70,FALSE,TRUE,FALSE,"3- B,S,C"
931,Fresco,U.S.A.,2012,Papua New Guinea,"Markham Valley, #222, LR, 0C","sandy, smoke, red berry",3,69,FALSE,FALSE,FALSE,"2- B,S"
899,Fresco,U.S.A.,2012,Papua New Guinea,"Markham Valley, #219, LR, MC",mild smoke and fruit,3.5,69,FALSE,FALSE,FALSE,"2- B,S"
899,Fresco,U.S.A.,2012,Papua New Guinea,"Markham Valley, #221, DR, MC","smoke, fruit, sour, hammy",3.5,69,FALSE,FALSE,FALSE,"2- B,S"
915,Fresco,U.S.A.,2012,Madagascar,"Sambirano Valley, #216, MR, LC","caramel, nuts, dried fruit",4,74,FALSE,FALSE,TRUE,"3- B,S,C"
927,Fresco,U.S.A.,2012,Papua New Guinea,"Markham Valley, #220, MR, MC","tart, red berry, smoke",4,69,FALSE,FALSE,FALSE,"2- B,S"
1030,Fresco,U.S.A.,2013,Dominican Republic,"Conacado, #223, MR, SC, batch 13-051",mildly burnt caramel,3.25,72,FALSE,FALSE,FALSE,"3- B,S,C"
1081,Fresco,U.S.A.,2013,Dominican Republic,"Conacado, #224, MR, MC, batch 13-061","blackberries, caramel, roasty",3.75,72,FALSE,FALSE,FALSE,"3- B,S,C"
1117,Fresco,U.S.A.,2013,Peru,"San Martin, Bellavista Coop, #226, DR, MC",cocoa and fresh grapes,3.75,70,FALSE,TRUE,FALSE,"3- B,S,C"
1149,Fresco,U.S.A.,2013,Peru,"Bellavista Coop, #225, LR, MC, CG Exclusive",chocolate covered banana,4,70,FALSE,FALSE,FALSE,"3- B,S,C"
1383,Fresco,U.S.A.,2014,Peru,"Maranon, #228, MR, SC","light color, leathery flavor",3,70,FALSE,FALSE,FALSE,"3- B,S,C"
1383,Fresco,U.S.A.,2014,Peru,"Maranon, #227, LR, MC","orange, mellow but flavorful",3.5,70,FALSE,FALSE,FALSE,"3- B,S,C"
1383,Fresco,U.S.A.,2014,Peru,"Maranon, #229, MR, LC","fruity, floral, caramel",3.5,70,FALSE,FALSE,FALSE,"3- B,S,C"
1387,Fresco,U.S.A.,2014,Peru,"Maranon, #230, DR, LC","slow develop, caramel, roasty",3.5,70,FALSE,FALSE,FALSE,"3- B,S,C"
2024,Fresco,U.S.A.,2017,Guatemala,"Polochic Valley, LR, LC, batch 17-203","rich cocoa, mild, fatty",3.5,70,FALSE,TRUE,FALSE,"3- B,S,C"
2028,Fresco,U.S.A.,2017,Guatemala,"Polochic Valley, DR, LC, batch 17-201","rich cocoa, nuts",3.5,70,FALSE,TRUE,TRUE,"3- B,S,C"
2024,Fresco,U.S.A.,2017,Guatemala,"Polochic Valley, MR, LC, batch 17-189","long lasting, fruit, spicy",3.75,70,FALSE,FALSE,FALSE,"3- B,S,C"
2174,Fresco,U.S.A.,2018,Venezuela,"Chuao, MR, SC, batch 18-224","roasty, mild fatty",3.25,72,FALSE,FALSE,FALSE,"3- B,S,C"
2174,Fresco,U.S.A.,2018,Venezuela,Carupano Pintao,"complex, nuts, spice, floral",3.5,72,FALSE,FALSE,TRUE,"3- B,S,C"
2708,Fresco,U.S.A.,2021,Peru,"Lamas, Oro Verde, #280, MR 0C, batch 21-457","licorice, caramel, floral, dirty",3,74,FALSE,FALSE,FALSE,"3- B,S,C"
2642,Fresco,U.S.A.,2021,Ghana,"ABOCFA, #260, LR-SC, batch 20-335","coconut, high astringency",3.25,68,FALSE,FALSE,TRUE,"3- B,S,C"
2708,Fresco,U.S.A.,2021,Peru,"Lamas, Oro Verde, #282, DR MC, batch 21-451","spicey, herbal, ripe, sl. burnt",3.25,74,FALSE,FALSE,FALSE,"3- B,S,C"
2642,Fresco,U.S.A.,2021,Ghana,"ABOCFA, #261, DR-MC, batch 21-448","fudgey, spicey, nutty",3.5,68,FALSE,FALSE,TRUE,"3- B,S,C"
2644,Fresco,U.S.A.,2021,Nicaragua,"O'Payo Profundo, Waslala, MR-MC, #271, b. 21-431","oily, black licorice, spicey",3.5,70,FALSE,FALSE,FALSE,"3- B,S,C"
2704,Fresco,U.S.A.,2021,Madagascar,"Sambirano V., #290, MR MC, batch 21-454","raspberry, mild sour, cocoa",3.5,70,FALSE,TRUE,FALSE,"3- B,S,C"
2644,Fresco,U.S.A.,2021,Nicaragua,"O'Payo Profundo, Waslala, DR-LC, #272, b. 21-433","rich chocolate, late spice notes",3.75,70,FALSE,FALSE,FALSE,"3- B,S,C"
2644,Fresco,U.S.A.,2021,Venezuela,"Chuao Village, BR-SC, batch 21-437","robust cocoa, dried cranberry",4,68,FALSE,TRUE,FALSE,"3- B,S,C"
2808,Fresco,U.S.A.,2022,Venezuela,"Chuao, LR-SC, b. 22-595, limited ed.","tart, bright, dried fruit, bitterness",3.25,82,FALSE,FALSE,FALSE,"3- B,S,C"
1912,Friis Holm,Denmark,2016,Nicaragua,"Rugoso, Bad Fermentation","vegetal, herbs, raw",3.5,70,FALSE,FALSE,FALSE,"2- B,S"
1956,Friis Holm,Denmark,2017,Nicaragua,Barba,"creamy, black pepper, nut",3.75,70,TRUE,FALSE,TRUE,"3- B,S,C"
2126,Friis Holm,Denmark,2018,Nicaragua,"La Dalia, Lazy Growers Blend","sweet, metallic",3,60,FALSE,FALSE,FALSE,"3- B,S,C"
2130,Friis Holm,Denmark,2018,Nicaragua,"Chuno, 2x turned","floral, sticky",3,70,FALSE,FALSE,FALSE,"3- B,S,C"
2126,Friis Holm,Denmark,2018,Nicaragua,"La Dalia, Lazy Growers Blend","woody, grassy, spicy",3.25,70,FALSE,FALSE,FALSE,"3- B,S,C"
2134,Friis Holm,Denmark,2018,Nicaragua,Rugoso,"high acidity, grassy",3.25,70,FALSE,FALSE,FALSE,"3- B,S,C"
2122,Friis Holm,Denmark,2018,Nicaragua,"O'Payo, Wasalala Co-op","unique flavor, floral-spice mix",3.5,68,FALSE,FALSE,FALSE,"3- B,S,C"
2130,Friis Holm,Denmark,2018,Nicaragua,"Chuno, 3x turned","delicate, balanced",3.5,70,FALSE,FALSE,FALSE,"3- B,S,C"
2122,Friis Holm,Denmark,2018,Nicaragua,Johe,"strong cocoa, orange citrus",3.75,70,FALSE,TRUE,FALSE,"3- B,S,C"
2126,Friis Holm,Denmark,2018,Nicaragua,Medagla,"cocoa, savory",3.75,70,FALSE,TRUE,FALSE,"3- B,S,C"
2130,Friis Holm,Denmark,2018,Nicaragua,Nicaliso,"black pepper,high astringency",3.75,70,FALSE,FALSE,FALSE,"3- B,S,C"
2126,Friis Holm,Denmark,2018,Guatemala,Indio Rojo,"honey, deep cocoa",4,70,FALSE,TRUE,FALSE,"3- B,S,C"
2130,Friis Holm,Denmark,2018,Nicaragua,"Rugoso, Bad Fermentation","banana,dairy, cocoa",4,70,FALSE,TRUE,FALSE,"3- B,S,C"
2720,Friis Holm,Denmark,2022,Nicaragua,"Don Alfonso, North of El Castillo, single farm","cocoa, roasty, sweet, fruit, spice",3.5,70,FALSE,TRUE,FALSE,"3- B,S,C"
2720,Friis Holm,Denmark,2022,Madagascar,"Bejofo, Akesson, slow dry","pungent, sour cherry",3.5,64,FALSE,FALSE,FALSE,"3- B,S,C"
2720,Friis Holm,Denmark,2022,Madagascar,"Bejofo, Akesson, fast dry","caramel, cocoa, fruit",3.75,64,FALSE,TRUE,FALSE,"3- B,S,C"
623,Friis Holm (Bonnat),Denmark,2011,Nicaragua,"Johe, Xoco","fatty, leathery, earthy",3.25,70,FALSE,FALSE,FALSE,"3- B,S,C"
623,Friis Holm (Bonnat),Denmark,2011,Nicaragua,"Chuno, Xoco","tobacco, woody, wild berry",3.5,70,FALSE,FALSE,FALSE,"3- B,S,C"
623,Friis Holm (Bonnat),Denmark,2011,Nicaragua,"Nicaliso, Xoco","roasty, fatty, woody",3.5,70,FALSE,FALSE,FALSE,"3- B,S,C"
895,Friis Holm (Bonnat),Denmark,2012,Nicaragua,"Chuno, triple turned, Xoco","intense olive, citrus, vegetal",3.25,70,FALSE,FALSE,FALSE,"3- B,S,C"
899,Friis Holm (Bonnat),Denmark,2012,Honduras,"Red Mayan, Xoco","spicy, earthy",3.25,70,FALSE,FALSE,FALSE,"3- B,S,C"
899,Friis Holm (Bonnat),Denmark,2012,Nicaragua,"Chuno, double turned, Xoco","oily, fatty, bold olive",3.25,70,FALSE,FALSE,FALSE,"3- B,S,C"
923,Friis Holm (Bonnat),Denmark,2012,Nicaragua,"Rugoso, Xoco","oily, gritty, savory",3.75,70,FALSE,FALSE,FALSE,"3- B,S,C"
1034,Friis Holm (Bonnat),Denmark,2013,Nicaragua,"Barba, Xoco","oily, burnt black pepper",3.25,70,FALSE,FALSE,FALSE,"3- B,S,C"
1034,Friis Holm (Bonnat),Denmark,2013,Nicaragua,"Medagla, Xoco",baked bread,3.5,70,FALSE,FALSE,FALSE,"3- B,S,C"
1259,Friis Holm (Bonnat),Denmark,2014,Nicaragua,La Dalia,"mild fatty, nutty, roasty",3.5,70,FALSE,FALSE,TRUE,"3- B,S,C"
1680,Friis Holm (Bonnat),Denmark,2015,Nicaragua,La Dalia,"oily, sweet, dairy, bland",3,60,FALSE,FALSE,FALSE,"3- B,S,C"
1680,Friis Holm (Bonnat),Denmark,2015,Nicaragua,La Dalia,"oily, spicy, sour",3.25,85,FALSE,FALSE,FALSE,"3- B,S,C"
781,Fruition,U.S.A.,2011,Costa Rica,Costa Rica,"fatty, sweet, vanilla",3,70,FALSE,FALSE,FALSE,"3- B,S,C"
753,Fruition,U.S.A.,2011,Costa Rica,Signature Blend,"cocoa, spicy, sweet",3.25,66,FALSE,TRUE,FALSE,"3- B,S,C"
863,Fruition,U.S.A.,2012,Peru,Peru,"oily, tart, chlorine",2.5,70,FALSE,FALSE,FALSE,"3- B,S,C"
1185,Fruition,U.S.A.,2013,Ecuador,Camino Verde,"sandy,sweet, molasses,floral",3,75,FALSE,FALSE,FALSE,"3- B,S,C"
1046,Fruition,U.S.A.,2013,Dominican Republic,La Red,"dried fruit, intense",3.75,70,FALSE,FALSE,FALSE,"3- B,S,C"
1359,Fruition,U.S.A.,2014,Peru,Maranon,"acidic, undefined, brownie, off",3,76,FALSE,FALSE,FALSE,"3- B,S,C"
1347,Fruition,U.S.A.,2014,Trinidad,Gran Couva,"delicate, hebs, choco",3.75,70,FALSE,FALSE,FALSE,"3- B,S,C"
1780,Fruition,U.S.A.,2016,Bolivia,"Wild Bolivian, Batch 2","oily, tropical",3.75,74,FALSE,FALSE,FALSE,"2- B,S"
1780,Fruition,U.S.A.,2016,Costa Rica,"Coto Brus, Heirloom, Batch 1","oily, dried fruit, leather",4,74,FALSE,FALSE,FALSE,"2- B,S"
2366,Fruition,U.S.A.,2019,Colombia,"Tumaco, batch 2","black current,bitter,astringent",3.5,85,FALSE,FALSE,FALSE,"2- B,S"
2278,Fruition,U.S.A.,2019,Madagascar,"Sambirano, Akessons, batch 1","balanced, fruit, nut, roasty",3.75,74,FALSE,FALSE,TRUE,"2- B,S"
2550,Fruition,U.S.A.,2021,Dominican Republic,"Los Bejucos, batch 1","sl. bitter up front, fatty, intense",3.25,77,FALSE,FALSE,FALSE,"2- B,S"
2554,Fruition,U.S.A.,2021,Dominican Republic,"Hispaniola, Dom. Rep. blend, batch 50","dried fruit, cocoa base, fatty",3.75,68,FALSE,TRUE,FALSE,Other
2664,Fruition,U.S.A.,2021,Peru,"Ucayali, batch 1","black licorice, tangy",3.75,72,FALSE,FALSE,FALSE,"3- B,S,C"
2776,Fruition,U.S.A.,2022,Bolivia,"Tranquilidad, Beniano","woody, earthy, sweet, off",3,66,FALSE,FALSE,FALSE,"3- B,S,C"
2772,Fruition,U.S.A.,2022,Peru,Piura Blanco,"margarine, creamy, muted",3.25,73,TRUE,FALSE,FALSE,"3- B,S,C"
2772,Fruition,U.S.A.,2022,Peru,"Maranon, Cajamarca","grape, caramel, butterscotch",3.75,73,FALSE,FALSE,FALSE,"3- B,S,C"
2772,Fruition,U.S.A.,2022,Peru,"Chuncho, Cuzco","dairy, light fruit, creamy",3.75,73,TRUE,FALSE,FALSE,"3- B,S,C"
87,Guittard,U.S.A.,2006,Venezuela,Sur del Lago,"sweet, creamy, vanilla",2.5,65,TRUE,FALSE,FALSE,Other
15,Guittard,U.S.A.,2006,Colombia,Chucuri,"creamy, sweet, floral, vanilla",3,65,TRUE,FALSE,FALSE,Other
99,Guittard,U.S.A.,2006,Blend,Semisweet,"fatty, cocoa, fruity",3,61,FALSE,TRUE,FALSE,Other
87,Guittard,U.S.A.,2006,Madagascar,"Sambirano, Ambanja","creamy, sweet, blueberry",3.5,65,TRUE,FALSE,FALSE,Other
93,Guittard,U.S.A.,2006,Ecuador,"Los Rios, Quevedo","creamy, blackberry",3.5,65,TRUE,FALSE,FALSE,Other
93,Guittard,U.S.A.,2006,Blend,Tsaranta,"sweet, rich cocoa, mild citrus",3.5,61,FALSE,TRUE,FALSE,Other
147,Guittard,U.S.A.,2007,Blend,Quetzalcoatl,"creamy,sandy,nutmeg, moss",3.5,72,TRUE,FALSE,TRUE,Other
259,Guittard,U.S.A.,2008,Peru,Machu Pichu,"sweet, vanilla, rich",3,65,FALSE,FALSE,FALSE,Other
276,Guittard,U.S.A.,2008,Blend,Special Maker Reserve,"perfume, vanilla",3,64,FALSE,FALSE,FALSE,Other
276,Guittard,U.S.A.,2008,Venezuela,Ocumare,"creamy, nutty",3.5,65,TRUE,FALSE,TRUE,Other
316,Guittard,U.S.A.,2009,U.S.A.,"O'ahu Island, N. Shore, Waialua E., Kakoleka","sweet, mild lemon",3,55,FALSE,FALSE,FALSE,Other
387,Guittard,U.S.A.,2009,Blend,Nocturne,"bitter, fatty, fruit",3,91,FALSE,FALSE,FALSE,Other
387,Guittard,U.S.A.,2009,Blend,Complexite,"complex, fruit, nut, raisin",3.5,70,FALSE,FALSE,TRUE,Other
552,Guittard,U.S.A.,2010,Trinidad,Trinidad,"creamy, mild tobacco, ham",3,65,TRUE,FALSE,FALSE,Other
654,Guittard,U.S.A.,2011,Blend,Coucher du Soleil,"dutched?, intense, rich cocoa",2.75,72,FALSE,TRUE,FALSE,Other
654,Guittard,U.S.A.,2011,Blend,Lever du Soleil,"sweet, creamy, floral, orange",3.25,61,TRUE,FALSE,FALSE,Other
654,Guittard,U.S.A.,2011,Blend,Onyx,"dry, sticky, brownie",3.25,72,FALSE,FALSE,FALSE,Other
1053,Guittard,U.S.A.,2013,Haiti,Haiti,"creamy, sl. Burnt, roasty",2.75,65,TRUE,FALSE,FALSE,Other
1053,Guittard,U.S.A.,2013,Nicaragua,Nicaragua,"floral, over roasted, harsh",2.75,65,FALSE,FALSE,FALSE,Other
1053,Guittard,U.S.A.,2013,Jamaica,Jamaica,"sweet, vanilla, cocoa",3.25,65,FALSE,TRUE,FALSE,Other
1053,Guittard,U.S.A.,2013,Ecuador,Ecuador,"very spicy, roasty",3.5,65,FALSE,FALSE,FALSE,Other
1602,Guittard,U.S.A.,2015,Blend,"Epique, Blend No. 49","nutty, black licorice",3.75,70,FALSE,FALSE,TRUE,Other
296,Hotel Chocolat (Coppeneur),U.K.,2008,Uganda,Uganda,"charred, espresso",2.5,80,FALSE,FALSE,FALSE,Other
296,Hotel Chocolat (Coppeneur),U.K.,2008,Tanzania,Tanzania,"sandy, sweet, mild cocoa",2.75,75,FALSE,TRUE,FALSE,"4- B,S,C,L"
245,Hotel Chocolat (Coppeneur),U.K.,2008,St. Lucia,St. Lucia,"grassy, tobacco, intense",3,72,FALSE,FALSE,FALSE,"3- B,S,C"
300,Hotel Chocolat (Coppeneur),U.K.,2008,Sao Tome,Uba Budo,"fungal, mushroom, mild burn",3,72,FALSE,FALSE,FALSE,"4- B,S,C,L"
552,Hotel Chocolat (Coppeneur),U.K.,2010,Ecuador,Ecuador,"spicy, sour, burning",2.75,70,FALSE,FALSE,FALSE,Other
600,Hotel Chocolat (Coppeneur),U.K.,2010,Venezuela,Chuao,"ashey, woody, bright red",2.75,70,FALSE,FALSE,FALSE,"4- B,S,C,L"
552,Hotel Chocolat (Coppeneur),U.K.,2010,Dominican Republic,Santo Domingo,"earthy, woody, sour mint",3,70,FALSE,FALSE,FALSE,Other
623,Hotel Chocolat (Coppeneur),U.K.,2011,Ecuador,"Los Rios, H. Iara, 96hr c.","mild bitter, floral",3,80,FALSE,FALSE,FALSE,"4- B,S,C,L"
623,Hotel Chocolat (Coppeneur),U.K.,2011,St. Lucia,"Island Growers, 120hr c.","woody, nutty, short",3,65,FALSE,FALSE,TRUE,"4- B,S,C,L"
623,Hotel Chocolat (Coppeneur),U.K.,2011,St. Lucia,"Island Growers, 96hr c.","sweet, cocoa, grassy",3.25,65,FALSE,TRUE,FALSE,"4- B,S,C,L"
809,Hotel Chocolat (Coppeneur),U.K.,2012,Madagascar,Sambirano,"sweet, red berry, sour",3.5,66,FALSE,FALSE,FALSE,Other
1113,Hotel Chocolat (Coppeneur),U.K.,2013,Ecuador,"Los Rios, H. Iara, 2012, 120hr c., batch 13092","candy,uncontrolled bitterness",2.5,100,FALSE,FALSE,FALSE,Other
1109,Hotel Chocolat (Coppeneur),U.K.,2013,Peru,"Chanchamayo, Pichanadi, 2012, 60hr c., b.13092","spice,cocoa, tolerable bitter",2.75,100,FALSE,TRUE,FALSE,Other
1113,Hotel Chocolat (Coppeneur),U.K.,2013,Dominican Republic,"Conacado, 2012, 120hr c.batch 13092","trop. Fruit, coffee, bitter",2.75,100,FALSE,FALSE,FALSE,Other
1038,Hotel Chocolat (Coppeneur),U.K.,2013,Trinidad,Trinidad,"sandy, vegetal, sour",3,75,FALSE,FALSE,FALSE,"4- B,S,C,L"
1065,Hotel Chocolat (Coppeneur),U.K.,2013,Ecuador,"Los Rios, H. Iara","oily, leathery, intense bitter",3,90,FALSE,FALSE,FALSE,"2- B,S"
1065,Hotel Chocolat (Coppeneur),U.K.,2013,Madagascar,"Somia Plantation, Akesson, 2012, Rabot","nutty, mild coffee",3,72,FALSE,FALSE,TRUE,"4- B,S,C,L"
1038,Hotel Chocolat (Coppeneur),U.K.,2013,Vietnam,Mekong Delta & Dong Nai,"tart, fruity, intense",3.5,80,FALSE,FALSE,FALSE,"4- B,S,C,L"
1065,Hotel Chocolat (Coppeneur),U.K.,2013,Ecuador,"Los Rios, H. Iara, 2012","oily, spicy, sl. Burnt",3.5,82,FALSE,FALSE,FALSE,"2- B,S"
1371,Letterpress,U.S.A.,2014,Peru,Maranura,"intense, sticky, cocoa",3.5,70,FALSE,TRUE,FALSE,"2- B,S"
1566,Letterpress,U.S.A.,2015,Costa Rica,San Andres,"roasty, black pepper, woody",3,70,FALSE,FALSE,FALSE,"2- B,S"
1562,Letterpress,U.S.A.,2015,Bolivia,Beniamo,"dried fruit, nutty, mushroom",3.25,70,FALSE,FALSE,TRUE,"2- B,S"
1566,Letterpress,U.S.A.,2015,Dominican Republic,"La Red, Guaconejo","red fruit, brownie",3.25,70,FALSE,FALSE,FALSE,"2- B,S"
1562,Letterpress,U.S.A.,2015,Trinidad,"San Juan Estate, Gran Couva","cocoa, spice, fruit",3.5,70,FALSE,TRUE,FALSE,"2- B,S"
1566,Letterpress,U.S.A.,2015,Tanzania,Kokoa Kamili,"subtle, spicy, banana",3.5,70,FALSE,FALSE,FALSE,"2- B,S"
1728,Letterpress,U.S.A.,2016,Liberia,Liberia,"floral, black licorice",3.25,70,FALSE,FALSE,FALSE,"2- B,S"
1952,Letterpress,U.S.A.,2017,Belize,"Maya Mtn, Batch 18, Heirloom","smokey, mild berry",3.25,70,FALSE,FALSE,FALSE,"2- B,S"
1952,Letterpress,U.S.A.,2017,Honduras,"La Masica, Batch 7, FHIA","strong raspberry, mocha",3.5,70,FALSE,FALSE,FALSE,"2- B,S"
1984,Letterpress,U.S.A.,2017,Peru,Ucayali,"mild, licorice, coffee, cocoa",4,70,FALSE,TRUE,FALSE,"3- B,S,C"
2122,Letterpress,U.S.A.,2018,Ghana,Ashanti,brownie,3.75,70,FALSE,FALSE,FALSE,"3- B,S,C"
2338,Letterpress,U.S.A.,2019,Jamaica,"Bachelor's Hall, batch 0001","woody, mocha, molasses",3.25,70,FALSE,FALSE,FALSE,"3- B,S,C"
2442,Letterpress,U.S.A.,2019,Bolivia,"Tranquilidad, beniano","spoiled milk, sweet, molasses",3.25,70,FALSE,FALSE,FALSE,"3- B,S,C"
2562,Letterpress,U.S.A.,2021,Sao Tome & Principe,"Satocao, limited ed., batch 2","buttery, sunflower, astringent",3.5,70,FALSE,FALSE,FALSE,"3- B,S,C"
2562,Letterpress,U.S.A.,2021,U.S.A.,"Maui Kuia E., Hawaii, 2018-2019 h., batch 1",home baked banana nut bread,3.75,70,FALSE,FALSE,TRUE,"3- B,S,C"
1606,Map Chocolate,U.S.A.,2015,Trinidad,"San Juan Estate, Cherry Blossoms at Night","heavy roast, few grits, rich",2.75,70,FALSE,FALSE,FALSE,"3- B,S,C"
1610,Map Chocolate,U.S.A.,2015,Colombia,Colombia,"roasty, coffee, rubber",2.75,75,FALSE,FALSE,FALSE,"3- B,S,C"
1610,Map Chocolate,U.S.A.,2015,Tanzania,"Kakoa Kamili, Both Man & Bird & Beast","sweet, fatty, roasty",3,72,FALSE,FALSE,FALSE,"3- B,S,C"
1474,Map Chocolate,U.S.A.,2015,Dominican Republic,"ROIG, 2014","fruity, tangy, cocoa",3.5,70,FALSE,TRUE,FALSE,"3- B,S,C"
1474,Map Chocolate,U.S.A.,2015,Peru,"Maranon, 2014","delicate, caramel, peanut",3.5,62,FALSE,FALSE,TRUE,"3- B,S,C"
1478,Map Chocolate,U.S.A.,2015,Ecuador,Ecuador,"coarse, floral, rum",3.5,70,FALSE,FALSE,FALSE,"3- B,S,C"
1606,Map Chocolate,U.S.A.,2015,Nicaragua,"A case of the Xerces Blues, triple roast","rich, bright fruit",3.5,70,FALSE,FALSE,FALSE,"3- B,S,C"
1606,Map Chocolate,U.S.A.,2015,Peru,"Tumbes, Dear Mr. Finley, 2014","lemon, spicy, cocoa",3.5,68,FALSE,TRUE,FALSE,"3- B,S,C"
1634,Map Chocolate,U.S.A.,2015,Honduras,Le Chocolat Chaud,"grassy, woody, sweet",3.5,78,FALSE,FALSE,FALSE,"3- B,S,C"
1896,Map Chocolate,U.S.A.,2016,Vietnam,"Ben Tre, Surprise Valley","intense, sour, tart",3.25,75,FALSE,FALSE,FALSE,"3- B,S,C"
1956,Map Chocolate,U.S.A.,2017,Vietnam,"Lam Dong, ""Red Poppy""","earthy, tobacco, ashey",3,73,FALSE,FALSE,FALSE,"2- B,S"
2262,Map Chocolate,U.S.A.,2018,Blend,"""Peace of Wild Things""","off notes, rubbery, hammy",3,72,FALSE,FALSE,FALSE,"3- B,S,C"
2262,Map Chocolate,U.S.A.,2018,Mexico,"Tabasco, ""Late for the Train"", batch 12184","sweet, spicy, dirty",3.25,72,FALSE,FALSE,FALSE,"3- B,S,C"
2040,Map Chocolate,U.S.A.,2018,Dominican Republic,Zorzal Reserve,"complex, creamy, cherry",3.5,72,TRUE,FALSE,FALSE,"3- B,S,C"
572,Mast Brothers,U.S.A.,2010,Venezuela,Patanemo,"sticky, woody, musty",2.75,81,FALSE,FALSE,FALSE,"2- B,S"
572,Mast Brothers,U.S.A.,2010,Venezuela,Ocumare de la Costa,"dry, sticky, nutty, earthy",3,75,FALSE,FALSE,TRUE,"2- B,S"
572,Mast Brothers,U.S.A.,2010,Dominican Republic,"Dominican Republic, Coop","sticky, earthy, coffee",3.25,70,FALSE,FALSE,FALSE,"2- B,S"
713,Mast Brothers,U.S.A.,2011,Venezuela,"Chuao, Light Roast","gritty, high astringent, sour",2.75,81,FALSE,FALSE,FALSE,"2- B,S"
777,Mast Brothers,U.S.A.,2011,Papua New Guinea,Papua New Guinea,"gritty, sticky, smoke,hammy",2.75,71,FALSE,FALSE,FALSE,"2- B,S"
701,Mast Brothers,U.S.A.,2011,Venezuela,"Chuao, Med. Roast","sandy, strawberry, sour",3,76,FALSE,FALSE,FALSE,"2- B,S"
709,Mast Brothers,U.S.A.,2011,Venezuela,"Chuao, Dark Roast","dry, sandy, intense, berry",3,70,FALSE,FALSE,FALSE,"2- B,S"
777,Mast Brothers,U.S.A.,2011,Peru,San Martin,"orange,lemon,coffee ground",3,75,FALSE,FALSE,FALSE,"2- B,S"
777,Mast Brothers,U.S.A.,2011,Dominican Republic,Conacado,"dry, gritty, red berry, coffee",3.25,73,FALSE,FALSE,FALSE,"2- B,S"
672,Mast Brothers,U.S.A.,2011,Blend,Brooklyn Blend,"rich cocoa, coffee, roasty",3.5,72,FALSE,TRUE,FALSE,"2- B,S"
773,Mast Brothers,U.S.A.,2011,Belize,Moho River,"gritty, tangy, cocoa",3.5,70,FALSE,TRUE,FALSE,"2- B,S"
777,Mast Brothers,U.S.A.,2011,Dominican Republic,"La Red de Guanconejo, N. Highlands coop","gritty, raspberry, sour",3.75,74,FALSE,FALSE,FALSE,"2- B,S"
999,Mast Brothers,U.S.A.,2012,Blend,Madagascar,"gritty, overly tart, sour",2.5,72,FALSE,FALSE,FALSE,"2- B,S"
999,Mast Brothers,U.S.A.,2012,Venezuela,Chuao,"gritty, sour, sweet",2.75,73,FALSE,FALSE,FALSE,"2- B,S"
959,Mast Brothers,U.S.A.,2012,Blend,"Shake Shack, Peru, Mad., Dom. Rep.","gritty, fruit, tart, rich",3.5,73,FALSE,FALSE,FALSE,"2- B,S"
1359,Mast Brothers,U.S.A.,2014,Blend,"French Laundry 20th Anniversary, Peru, Belize","tart, deep choco",3.75,75,FALSE,FALSE,FALSE,"2- B,S"
1450,Mast Brothers,U.S.A.,2015,Guatemala,Guatemala,"mild bitter, citrus, intense",3,76,FALSE,FALSE,FALSE,"2- B,S"
1450,Mast Brothers,U.S.A.,2015,Tanzania,Tanzania,"green, vegetal, mild spice",3.25,74,FALSE,FALSE,FALSE,"2- B,S"
24,Michel Cluizel,France,2006,Blend,Carre Amer,"sweet, crisp nibs",2,60,FALSE,FALSE,FALSE,Other
24,Michel Cluizel,France,2006,Blend,Carre Grand Noir,bitter coffee flavor,2,85,FALSE,FALSE,FALSE,Other
81,Michel Cluizel,France,2006,Blend,Noir Infini,"smooth, bold, bitter",2,99,FALSE,FALSE,FALSE,Other
24,Michel Cluizel,France,2006,Sao Tome,Tamarina,"creamy, licorice, herbs",3,70,TRUE,FALSE,FALSE,Other
24,Michel Cluizel,France,2006,Dominican Republic,Los Ancones P.,"creamy, raisins, licorice",3.75,67,TRUE,FALSE,FALSE,Other
24,Michel Cluizel,France,2006,Madagascar,Mangaro P.,"grapefruit, spices",3.75,65,FALSE,FALSE,FALSE,Other
24,Michel Cluizel,France,2006,Papua New Guinea,Maralumi P.,tropical fruit and mild smoke,3.75,64,FALSE,FALSE,FALSE,Other
117,Michel Cluizel,France,2007,Venezuela,"Carenero Superior, Concepcion","cocoa, orange",3.5,66,FALSE,TRUE,FALSE,Other
135,Michel Cluizel,France,2007,Sao Tome,Vila Gracinda,"creamy, smoke, raspberry",3.5,67,TRUE,FALSE,FALSE,Other
963,Michel Cluizel,France,2012,Mexico,"Chiapas, Mokaya P.","raisins, melon",3.75,66,FALSE,FALSE,FALSE,Other
2020,Michel Cluizel,France,2017,Colombia,El Jardin,"sandy, earthy, fatty",3.25,69,FALSE,FALSE,FALSE,Other
2270,Michel Cluizel,France,2019,Brazil,Riachuelo Plantation,"sandy, grits, nutty, vanilla",3,70,FALSE,FALSE,TRUE,Other
2438,Michel Cluizel,France,2019,Guatemala,La Laguna Plantation,"dairy, cocoa, fatty, apple",3.5,70,FALSE,TRUE,FALSE,Other
2490,Odyssey,U.S.A.,2020,Guatemala,Cahabon,"damp woody, leather, cocoa",3,70,FALSE,TRUE,FALSE,"2- B,S"
2494,Odyssey,U.S.A.,2020,Tanzania,Kokoa Kamili,"sour banana, muted",3,70,FALSE,FALSE,FALSE,"2- B,S"
2494,Odyssey,U.S.A.,2020,Uganda,Bundibugyo,"dominant hazelnut, fudge",3.25,70,FALSE,FALSE,TRUE,"2- B,S"
2494,Odyssey,U.S.A.,2020,India,Idukki Hills,"intense tart, sourness",3.25,70,FALSE,FALSE,FALSE,"2- B,S"
2498,Odyssey,U.S.A.,2020,Colombia,Arhuaca,"walnut, tobacco, grassy",3.25,70,FALSE,FALSE,TRUE,"2- B,S"
2494,Odyssey,U.S.A.,2020,Bolivia,"Tranquilidad, Wild","silky smooth, cherry, cocoa",3.75,70,FALSE,TRUE,FALSE,"2- B,S"
2498,Odyssey,U.S.A.,2020,Vietnam,Ben Tre,"complex,cranberry,malt, vanilla",3.75,70,FALSE,FALSE,FALSE,"2- B,S"
2582,Odyssey,U.S.A.,2021,Blend,"Elegant Asian Blend"", Vietnam, India","sharp fruit, intense, sl. Sour",3,100,FALSE,FALSE,FALSE,Other
2704,Odyssey,U.S.A.,2021,Venezuela,Chuao,"berries, burnt, rubbery, off",3,80,FALSE,FALSE,FALSE,"2- B,S"
2582,Odyssey,U.S.A.,2021,U.S.A.,Hawaii Kona,"burnt fudge, nutty",3.25,70,FALSE,FALSE,TRUE,"2- B,S"
2696,Odyssey,U.S.A.,2021,Peru,Ucayali,"deep cocoa, cherry, slight ashy",3.25,70,FALSE,TRUE,FALSE,"2- B,S"
2704,Odyssey,U.S.A.,2021,Venezuela,Chuao,"strong start, fruity, acidic",3.5,70,FALSE,FALSE,FALSE,"2- B,S"
2566,Odyssey,U.S.A.,2021,Haiti,Pisa,"blackberry, tang",3.75,70,FALSE,FALSE,FALSE,"2- B,S"
266,Pacari,Ecuador,2008,Ecuador,Raw,"bitter, earthy",2,100,FALSE,FALSE,FALSE,Other
224,Pacari,Ecuador,2008,Ecuador,Esmeraldas,"floral, rubber, vanilla, metallic",2.75,60,FALSE,FALSE,FALSE,"4- B,S,C,L"
224,Pacari,Ecuador,2008,Ecuador,Los Rios,"sandy, rubber, spice, floral",3,72,FALSE,FALSE,FALSE,"4- B,S,C,L"
224,Pacari,Ecuador,2008,Ecuador,Manabi,"creamy, sweet, green",3,65,TRUE,FALSE,FALSE,"4- B,S,C,L"
266,Pacari,Ecuador,2008,Ecuador,Raw,"sandy, green, spice, nuts",3.5,70,FALSE,FALSE,TRUE,"4- B,S,C,L"
721,Pacari,Ecuador,2011,Ecuador,Nube- prototype,"waxy, sandy, floral",3.5,70,FALSE,FALSE,FALSE,"4- B,S,C,L"
817,Pacari,Ecuador,2012,Ecuador,"Ecuador, raw","spice, mostly bitter",2.75,85,FALSE,FALSE,FALSE,"4- B,S,C,L"
863,Pacari,Ecuador,2012,Peru,Piura,"light color,complex,molasses",4,70,FALSE,FALSE,FALSE,"4- B,S,C,L"
1415,Pacari,Ecuador,2014,Ecuador,Garaua,"floral, green, tannic",3.25,70,FALSE,FALSE,FALSE,"4- B,S,C,L"
1415,Pacari,Ecuador,2014,Ecuador,Cumbia,"savory, smokey",3.5,70,FALSE,FALSE,FALSE,"4- B,S,C,L"
1415,Pacari,Ecuador,2014,Ecuador,Montubia,"creamy, green fruit, candied",3.75,70,TRUE,FALSE,FALSE,"4- B,S,C,L"
1415,Pacari,Ecuador,2014,Ecuador,Tangara,"creamy, spicy, cocoa",4,70,TRUE,TRUE,FALSE,"4- B,S,C,L"
1848,Pacari,Ecuador,2016,Colombia,"Sierra Nevada, Tutu Iku","complex, balanced",4,70,FALSE,FALSE,FALSE,"4- B,S,C,L"
1239,Palette de Bine,Canada,2014,Bolivia,"Alto Beni, Palos Blancos","vinegar, sour",2.75,72,FALSE,FALSE,FALSE,"2- B,S"
1303,Palette de Bine,Canada,2014,Ecuador,"Camino Verde P., Balao, Guayas","earthy, nutty, black pepper",2.75,75,FALSE,FALSE,TRUE,"2- B,S"
1399,Palette de Bine,Canada,2014,Blend,Duo- Gran Couva & Camino Verde,"intense floral, slight woody",3.5,75,FALSE,FALSE,FALSE,"2- B,S"
1239,Palette de Bine,Canada,2014,Madagascar,Sambirano,"red fruit, intense, bright",3.75,78,FALSE,FALSE,FALSE,"2- B,S"
1399,Palette de Bine,Canada,2014,Trinidad,Gran Couva,"mellow, fruity, brownie",3.75,70,FALSE,FALSE,FALSE,"2- B,S"
1570,Palette de Bine,Canada,2015,Bolivia,"Silvestre, La Paz, Beni","slow, sweet, spicy",3.25,70,FALSE,FALSE,FALSE,"2- B,S"
1570,Palette de Bine,Canada,2015,Trinidad,"San Juan Estate, Gran Couva","maple, spicy, cocoa",3.25,70,FALSE,TRUE,FALSE,Other
1574,Palette de Bine,Canada,2015,Tanzania,Kokoa Kamili,"rich cocoa, dried fruit",3.5,72,FALSE,TRUE,FALSE,"2- B,S"
1574,Palette de Bine,Canada,2015,Vietnam,Lam Dong,"cocoa, melon, dairy",3.75,72,FALSE,TRUE,FALSE,"2- B,S"
1720,Palette de Bine,Canada,2016,Guatemala,Lachua,"fruity, off rubber",2.75,70,FALSE,FALSE,FALSE,"2- B,S"
1720,Palette de Bine,Canada,2016,Belize,Maya Mtn,"strawberry, savory",3,72,FALSE,FALSE,FALSE,"2- B,S"
1992,Palette de Bine,Canada,2017,Peru,Maranon,"grape, pungent, off sour",2.75,72,FALSE,FALSE,FALSE,"2- B,S"
2000,Palette de Bine,Canada,2017,Dominican Republic,Dominican Republic,"creamy, burnt rubber, off",2.75,75,TRUE,FALSE,FALSE,"2- B,S"
1992,Palette de Bine,Canada,2017,Haiti,Pisa,"sticky, bold, nutty, fig",3.5,70,FALSE,FALSE,TRUE,"2- B,S"
2286,Palette de Bine,Canada,2019,Peru,"Maranon, batch 28","intense spicy, floral",3.5,70,FALSE,FALSE,FALSE,"2- B,S"
93,Pierre Marcolini,Belgium,2006,Indonesia,"Kendem Lembu, Java","red fruit, smokey, sour",3,72,FALSE,FALSE,FALSE,Other
93,Pierre Marcolini,Belgium,2006,Venezuela,"Ocumare, Puerto Cabello, Venezuela","rich cocoa, marshmallow",3.75,72,FALSE,TRUE,FALSE,Other
81,Pierre Marcolini,Belgium,2006,Mexico,"Porcelana, Tabasco, Limited Ed.","mild tart, long and rich",4,72,FALSE,FALSE,FALSE,Other
166,Pierre Marcolini,Belgium,2007,Blend,"Fleur de Cacao, Venezuela/ Ghana","cinamon, bitter aftertaste",3.5,85,FALSE,FALSE,FALSE,Other
129,Pierre Marcolini,Belgium,2007,Ecuador,"Los Rios, Puerto Romero, Equateur","creamy, cocoa, grassy",3.75,72,TRUE,TRUE,FALSE,Other
111,Pierre Marcolini,Belgium,2007,Blend,"Cabosse, Venezuela, Java","rich cocoa, tart citrus",4,70,FALSE,TRUE,FALSE,Other
141,Pierre Marcolini,Belgium,2007,Madagascar,"Sambirano, Ambanja, Madagascar","tangy, floral, spicy, cocoa",4,72,FALSE,TRUE,FALSE,Other
414,Pierre Marcolini,Belgium,2009,Brazil,"Bahia Brazil, Fazenda Sao Pedro","smokey, floral, mild",3,72,FALSE,FALSE,FALSE,Other
445,Pierre Marcolini,Belgium,2009,Mexico,"Porcelana, Tabasco, Finca La Joya","bland, subtle dairy, burning",3,72,FALSE,FALSE,FALSE,Other
478,Pierre Marcolini,Belgium,2010,Venezuela,Chuao,"strong vanilla, nutty, spicey",3,75,FALSE,FALSE,TRUE,Other
531,Pierre Marcolini,Belgium,2010,Peru,"Peru, Las Pampas P.","bitter, coffee, cocoa",3,85,FALSE,TRUE,FALSE,Other
478,Pierre Marcolini,Belgium,2010,Trinidad,Trinite,berry notes with sweet edge,3.25,75,FALSE,FALSE,FALSE,Other
516,Pierre Marcolini,Belgium,2010,Cuba,Baracoa,"chunky, rich and spicy",3.75,78,FALSE,FALSE,FALSE,Other
1658,Pierre Marcolini,Belgium,2015,Cameroon,"Haut Penja, w/ nibs","mild fruit, woody",3.25,70,FALSE,FALSE,FALSE,Other
2342,Pierre Marcolini,Belgium,2019,Madagascar,"Sambirano, Rieur, Ambanja","powdery, roasty, off flavor",3,76,FALSE,FALSE,FALSE,"4- B,S,C,L"
2342,Pierre Marcolini,Belgium,2019,Cameroon,"Haut Penja, Transporte","rich cocoa, off flavor",3,70,FALSE,TRUE,FALSE,"4- B,S,C,L"
2700,Pierre Marcolini,Belgium,2021,China,"Hainan, lot 218012","fruity, rich, grassy",3.5,72,FALSE,FALSE,FALSE,"4- B,S,C,L"
40,Pralus,France,2006,Vanuatu,Vanuatu,"smoke dominates, mild fruit",3,75,FALSE,FALSE,FALSE,"4- B,S,C,L"
99,Pralus,France,2006,Cuba,Cuba,"earthy, tobacco, mushroom",3,75,FALSE,FALSE,FALSE,"4- B,S,C,L"
99,Pralus,France,2006,Blend,"Caracas, Venezuela and Ghana","sandy, roasty, cocoa",3,75,FALSE,TRUE,FALSE,"4- B,S,C,L"
105,Pralus,France,2006,Brazil,"Monte Alegre (Itacare), Brazil","creamy, fatty, burnt",3,75,TRUE,FALSE,FALSE,"4- B,S,C,L"
99,Pralus,France,2006,Blend,"Djakarta, Java and Ghana","tart, fruit, cocoa",3.5,75,FALSE,TRUE,FALSE,"4- B,S,C,L"
32,Pralus,France,2006,Jamaica,Jamaique,"creamy, spicy",3.75,75,TRUE,FALSE,FALSE,"4- B,S,C,L"
93,Pralus,France,2006,Ecuador,Fortissima,"vegetal, fruit, smoke",3.75,80,FALSE,FALSE,FALSE,"4- B,S,C,L"
162,Pralus,France,2007,Sao Tome,Claudio Corallo w/ nibs,"large nibs, spicy, cocoa",4,75,FALSE,TRUE,FALSE,"4- B,S,C,L"
280,Pralus,France,2008,Dominican Republic,Dominican Republic-Organic,"sandy, sour",2,75,FALSE,FALSE,FALSE,"4- B,S,C,L"
202,Pralus,France,2008,Madagascar,"Sambirano Valley, Le 100%","fatty, mild fruit, bitter, smoke",3,100,FALSE,FALSE,FALSE,Other
280,Pralus,France,2008,Brazil,"Monte Alegre, Diego Badero","complex, herbal, sour",3.5,75,FALSE,FALSE,FALSE,"4- B,S,C,L"
451,Pralus,France,2009,Venezuela,Cuyagua,"creamy, burnt,ashey, lemon",2,75,TRUE,FALSE,FALSE,"4- B,S,C,L"
486,Pralus,France,2010,Venezuela,Chuao,"nutty, red berry, rich",3.5,75,FALSE,FALSE,TRUE,"4- B,S,C,L"
717,Pralus,France,2011,Venezuela,"Porcelana, S. of Lake Maracaibo","burnt nuts, subtle fruit",3.25,75,FALSE,FALSE,TRUE,"4- B,S,C,L"
1446,Pralus,France,2015,Peru,Peru,"subdued, floral, nutty, fatty",3.25,75,FALSE,FALSE,TRUE,"3- B,S,C"
2406,Pralus,France,2019,Papua New Guinea,Papouasie,"complex, smoke, intense, ham",3,75,FALSE,FALSE,FALSE,"4- B,S,C,L"
2410,Pralus,France,2019,Indonesia,Java,"fruit, woody, ashey, fatty",3,75,FALSE,FALSE,FALSE,"4- B,S,C,L"
2410,Pralus,France,2019,Venezuela,Barlovento,"roasty, black licorice, rubbery",3,75,FALSE,FALSE,FALSE,"4- B,S,C,L"
2414,Pralus,France,2019,Madagascar,Nosy Be Isle.,"high acidity,roasty,sour,chalky",3,75,FALSE,FALSE,FALSE,"4- B,S,C,L"
2418,Pralus,France,2019,Colombia,Colombie,"sandy, coffee, sweet, roasty",3,75,FALSE,FALSE,FALSE,"4- B,S,C,L"
2410,Pralus,France,2019,Trinidad,Trinidad,"tobacco,deep cocoa, sl. burnt",3.25,75,FALSE,TRUE,FALSE,"4- B,S,C,L"
2414,Pralus,France,2019,Ghana,Ghana,"rich cocoa, fatty, roasty",3.25,75,FALSE,TRUE,FALSE,"4- B,S,C,L"
2410,Pralus,France,2019,Sao Tome & Principe,Sao Tome & Principe,"deep cocoa, fatty, mild ashey",3.5,75,FALSE,TRUE,FALSE,"4- B,S,C,L"
2414,Pralus,France,2019,Tanzania,Tanzanie,"spicy, cocoa",3.5,75,FALSE,TRUE,FALSE,"4- B,S,C,L"
2418,Pralus,France,2019,Ecuador,Equateur,"dried fruit, floral",3.5,75,FALSE,FALSE,FALSE,"4- B,S,C,L"
745,Ritual,U.S.A.,2011,Costa Rica,Costa Rica,"dark berry, woody,astringent",3.5,75,FALSE,FALSE,FALSE,"2- B,S"
967,Ritual,U.S.A.,2012,Ecuador,"Camino Verde P., 2012, Balao, Guayas, batch 1","dried fruit, nut, bitter, roasty",3.25,75,FALSE,FALSE,TRUE,"2- B,S"
979,Ritual,U.S.A.,2012,Trinidad,"Gran Couva, 2012 harvest, batch 001","orange, heavy roast",3.5,75,FALSE,FALSE,FALSE,"2- B,S"
891,Ritual,U.S.A.,2012,Madagascar,"Sambirano, 2011 harvest, batch 1","dark berry, tropical, nutty",4,75,FALSE,FALSE,TRUE,"2- B,S"
1181,Ritual,U.S.A.,2013,Peru,"Maranon, Cajamarca, batch 002","intense, roasty, spice",3,75,FALSE,FALSE,FALSE,"2- B,S"
1089,Ritual,U.S.A.,2013,Belize,"Toledo District, Maya, batch 001","thick, slow, pure",3.75,75,FALSE,FALSE,FALSE,"2- B,S"
1466,Ritual,U.S.A.,2015,Ecuador,"Camino Verde P., Balao, Guayas, 2014, b. 001","mild bitter, woody, bourbon",3.5,85,FALSE,FALSE,FALSE,"2- B,S"
1466,Ritual,U.S.A.,2015,Blend,"Mid Mountain, 2014, batch 002","sticky, woody",3.5,70,FALSE,FALSE,FALSE,"2- B,S"
1860,Ritual,U.S.A.,2016,Ecuador,"Camino Verde P., Balao, 2015 harvest, batch8","floral, bourbon, balanced",3.75,75,FALSE,FALSE,FALSE,"2- B,S"
2008,Ritual,U.S.A.,2017,Mexico,Xoconusco,"smooth, coffee, rich cocoa",3.75,75,FALSE,TRUE,FALSE,"3- B,S,C"
2282,Ritual,U.S.A.,2019,Nicaragua,"La Colonia, Enliven Cacao","complex, honey, fruit, nut",3.5,70,FALSE,FALSE,TRUE,"2- B,S"
2418,Ritual,U.S.A.,2019,Trinidad,"Jagassar Estate, Moruga Region, microlot","rich brownie, dried fruit",3.5,80,FALSE,FALSE,FALSE,"2- B,S"
2514,Ritual,U.S.A.,2020,Madagascar,"Sambirano, 2019 h., batch 7","tart fruit, roasty",3.5,75,FALSE,FALSE,FALSE,"3- B,S,C"
213,Rogue,U.S.A.,2008,Dominican Republic,"Hispaniola, 2008","nutty, earthy, mild off note",2.75,70,FALSE,FALSE,TRUE,"2- B,S"
213,Rogue,U.S.A.,2008,Jamaica,Jamaica,"sandy, heavy roast, woody",2.75,70,FALSE,FALSE,FALSE,"2- B,S"
213,Rogue,U.S.A.,2008,Madagascar,"Sambirano, 2008","raisins, sour, roasty",3,70,FALSE,FALSE,FALSE,"2- B,S"
213,Rogue,U.S.A.,2008,Trinidad,Trinidad,"dry, honey, roasty",3,70,FALSE,FALSE,FALSE,"2- B,S"
327,Rogue,U.S.A.,2009,Venezuela,Rio Caribe,"mint, sweet spices",3.5,70,FALSE,FALSE,FALSE,"2- B,S"
565,Rogue,U.S.A.,2010,Peru,Piura,"smooth,intense,fruit, complex",3.75,75,FALSE,FALSE,FALSE,"2- B,S"
793,Rogue,U.S.A.,2011,Bolivia,"Silvestre, Batch 1, 2011","rich brownie, roasty, sour",3,75,FALSE,FALSE,FALSE,"2- B,S"
979,Rogue,U.S.A.,2012,Ecuador,"Camino Verde P., Balao, Guayas","floral, bourbon, mocha",3.75,75,FALSE,FALSE,FALSE,"2- B,S"
1038,Rogue,U.S.A.,2013,Madagascar,"Akessons Estate, Sambirano, 2013","creamy, heavy roast, citrus",3.5,70,TRUE,FALSE,FALSE,"2- B,S"
1081,Rogue,U.S.A.,2013,Dominican Republic,"Hispaniola, 2013","sticky, earthy, smokey",3.5,70,FALSE,FALSE,FALSE,"2- B,S"
1193,Rogue,U.S.A.,2013,Jamaica,"Bachelor's Hall E., St. Thomas Parish, batch 1","intense, dark berry, spice",3.75,75,FALSE,FALSE,FALSE,"2- B,S"
1081,Rogue,U.S.A.,2013,Bolivia,"Silvestre, Batch 7, 2013","smooth, banana, tart, roasty",4,75,FALSE,FALSE,FALSE,"2- B,S"
1209,Rogue,U.S.A.,2014,Venezuela,Porcelana,"red fruit, intense, earthy",3.75,80,FALSE,FALSE,FALSE,"2- B,S"
1566,Rogue,U.S.A.,2015,Bolivia,"Tranquilidad, Batch 1","roasty, dried fruit, sour",3.25,75,FALSE,FALSE,FALSE,"2- B,S"
1446,Rogue,U.S.A.,2015,Venezuela,"Caranero, Choc. Garage Exclusive","deep, rich, nutty, roasty",3.75,70,FALSE,FALSE,TRUE,"2- B,S"
1748,Rogue,U.S.A.,2016,Honduras,"La Masica, Batch 1, FHIA Research Center","robust, tart, roasty",3.75,75,FALSE,FALSE,FALSE,"2- B,S"
15,Scharffen Berger,U.S.A.,2006,Blend,Extra Dark,"dry, bitter, poor aftertaste",2,82,FALSE,FALSE,FALSE,Other
40,Scharffen Berger,U.S.A.,2006,Blend,"Kumasi Sambirano, Ghana & Madagascar","fruity, smokey, burnt",2,68,FALSE,FALSE,FALSE,Other
56,Scharffen Berger,U.S.A.,2006,Jamaica,Jamaica a l'ancienne,"fresh nibs,chocolate base off",2,70,FALSE,FALSE,FALSE,Other
56,Scharffen Berger,U.S.A.,2006,Blend,Semisweet,"tobacco, sweet, dairy",3,62,FALSE,FALSE,FALSE,Other
15,Scharffen Berger,U.S.A.,2006,Blend,Bittersweet,"cherry, mild bitter",3.5,70,FALSE,FALSE,FALSE,Other
117,Scharffen Berger,U.S.A.,2007,Blend,"Las Islas, Carribean(DR/Jam/Tri)",strong smokey tobacco,3,72,FALSE,FALSE,FALSE,Other
135,Scharffen Berger,U.S.A.,2007,Blend,Nibby,"sweet, base cocoa",3,62,FALSE,TRUE,FALSE,Other
188,Scharffen Berger,U.S.A.,2007,Blend,Antilles (Trin/Gren/DR/Ven),"smooth,complex,cocoa base",3,75,FALSE,TRUE,FALSE,Other
135,Scharffen Berger,U.S.A.,2007,Venezuela,Cuyagua,"complex, strawberry, tart",3.75,75,FALSE,FALSE,FALSE,Other
227,Scharffen Berger,U.S.A.,2008,Blend,"Finisterra, Ven., Trinidad, Mad.","grassy, black pepper, smoke",3,72,FALSE,FALSE,FALSE,Other
336,Scharffen Berger,U.S.A.,2009,Brazil,Tome Acu,"smooth, tart, earthy",3.75,68,FALSE,FALSE,FALSE,Other
445,Scharffen Berger,U.S.A.,2009,Vietnam,Ben Tre,"creamy, grassy, banana, tart",3.75,72,TRUE,FALSE,FALSE,Other
336,Scharffen Berger,U.S.A.,2009,Ghana,Asante,"simple, delicate cocoa, long",4,65,FALSE,TRUE,FALSE,Other
464,Scharffen Berger,U.S.A.,2010,Grenada,Camahogne,"smooth, grassy, minty",3.5,68,FALSE,FALSE,FALSE,Other
464,Scharffen Berger,U.S.A.,2010,Madagascar,Amina,"clingy,subtle, tangy, citrus",3.75,65,FALSE,FALSE,FALSE,Other
781,Scharffen Berger,U.S.A.,2011,Papua New Guinea,Markham Valley,"cherry,wine,rich,smoke",3.75,68,FALSE,FALSE,FALSE,Other
959,Scharffen Berger,U.S.A.,2012,Peru,San Juan de Cheni,"banana, pear, spice, cheese",4,78,FALSE,FALSE,FALSE,"4- B,S,C,L"
1339,Sirene,Canada,2014,Madagascar,"Somia Plantation, 2012","tart, sweet edge",3.75,67,FALSE,FALSE,FALSE,"3- B,S,C"
1339,Sirene,Canada,2014,Madagascar,"Somia Plantation, 2012","intense fruity, mild sour",3.75,73,FALSE,FALSE,FALSE,"3- B,S,C"
1343,Sirene,Canada,2014,Ecuador,"Camino Verde P., Balao, Guayas","intense, rich, burnt, licorice",3.75,73,FALSE,FALSE,FALSE,"3- B,S,C"
1502,Sirene,Canada,2015,Madagascar,"Somia Plantation, 2012","creamy, tart, bitter",3,100,TRUE,FALSE,FALSE,Other
1506,Sirene,Canada,2015,Ecuador,"Camino Verde P., Balao, Guayas, 2012","floral, bourbon, bitter",3,100,FALSE,FALSE,FALSE,Other
1614,Sirene,Canada,2015,Guatemala,Lachua w/ cane sugar,"waxy, earthy, cocoa, roasty",3,73,FALSE,TRUE,FALSE,"2- B,S"
1614,Sirene,Canada,2015,Guatemala,"Lachua w/ maple sugar, batch 5","waxy, maple, flat",3.25,73,FALSE,FALSE,FALSE,Other
1650,Sirene,Canada,2015,Haiti,Pisa,"oily, medium roasted cocoa",3.25,73,FALSE,TRUE,FALSE,"2- B,S"
1788,Sirene,Canada,2016,Bolivia,Wild Bolivia,"sticky, raisins, fudgey",3.5,73,FALSE,FALSE,FALSE,"2- B,S"
1856,Sirene,Canada,2016,Tanzania,Kokoa Kamili Coop,"basic cocoa, gateway",3.5,73,FALSE,TRUE,FALSE,"2- B,S"
1860,Sirene,Canada,2016,Ecuador,"Esmeraldas, Salazar Farm","rich cocoa, spicy",3.75,73,FALSE,TRUE,FALSE,"2- B,S"
1996,Sirene,Canada,2017,Peru,Tingo Maria,"caramel, anise, dried fruit",3.75,73,FALSE,FALSE,FALSE,"2- B,S"
2652,Sirene,Canada,2021,Mexico,"Soconusco, Rayen Cacao Co-op","bland, sour, lacks development",3,73,FALSE,FALSE,FALSE,"3- B,S,C"
2652,Sirene,Canada,2021,India,"Anamalai, Pollachi City","butterscotch, slight burnt note",3.25,73,FALSE,FALSE,FALSE,"3- B,S,C"
1626,"Smooth Chocolator, The",Australia,2015,Bolivia,Bolivia,"floral, intense, pungent",2.75,72,FALSE,FALSE,FALSE,"3- B,S,C"
1666,"Smooth Chocolator, The",Australia,2015,Peru,"Maranon, batch 2","light brown, grits, floral",3,67,FALSE,FALSE,FALSE,"3- B,S,C"
1618,"Smooth Chocolator, The",Australia,2015,Madagascar,Akesson's Estate,"few grits, sweet, orange",3.25,65,FALSE,FALSE,FALSE,"3- B,S,C"
1622,"Smooth Chocolator, The",Australia,2015,Madagascar,Akesson's Estate,"few grits, bold, dark berry",3.5,70,FALSE,FALSE,FALSE,"3- B,S,C"
1662,"Smooth Chocolator, The",Australia,2015,Papua New Guinea,"Papua New Guinea, triple roast, batch 1","smokey, tart, astringent",3.5,65,FALSE,FALSE,FALSE,"3- B,S,C"
1622,"Smooth Chocolator, The",Australia,2015,Tanzania,Kokoa Kamili,"bold cherry, rich cooa",3.75,67,FALSE,FALSE,FALSE,"3- B,S,C"
1622,"Smooth Chocolator, The",Australia,2015,Trinidad,San Juan Estate,"cigar, tobacco, grass, spice",3.75,70,FALSE,FALSE,FALSE,"3- B,S,C"
1666,"Smooth Chocolator, The",Australia,2015,Venezuela,"Chuao, batch 3",mild cacao and fruit notes,3.75,70,FALSE,FALSE,FALSE,"3- B,S,C"
1622,"Smooth Chocolator, The",Australia,2015,Ecuador,Camino Verde,"creamy, pistachio, floral",4,72,TRUE,FALSE,FALSE,"3- B,S,C"
1864,"Smooth Chocolator, The",Australia,2016,Vietnam,Tien Giang,"creamy, molasses, off note",3,70,TRUE,FALSE,FALSE,"3- B,S,C"
1908,"Smooth Chocolator, The",Australia,2016,Guatemala,"Chimelb, Lanquin, Alta Verapaz, b-GUA001","gummy, fatty, earthy",3.25,70,FALSE,FALSE,FALSE,"3- B,S,C"
1740,"Smooth Chocolator, The",Australia,2016,Venezuela,"Guasare, La Sierra de Perija, batch gua001","creamy, fruit, cocoa",3.75,70,TRUE,TRUE,FALSE,"3- B,S,C"
1756,"Smooth Chocolator, The",Australia,2016,Belize,"Maya Mtn, Moho R., Toledo D.","apple, mild cherry",3.75,70,FALSE,FALSE,FALSE,"3- B,S,C"
1864,"Smooth Chocolator, The",Australia,2016,Australia,Australia,"delicate, smooth, dairy",3.75,67,FALSE,FALSE,FALSE,"3- B,S,C"
1740,"Smooth Chocolator, The",Australia,2016,Ecuador,"Porcelana, Sorotaima,Machiques,batch pcl001","ligt color, creamy, peanut",4,70,TRUE,FALSE,TRUE,"3- B,S,C"
1940,"Smooth Chocolator, The",Australia,2017,Dominican Republic,"Oko Caribe, DOR005","cherry, rich choco",3.5,70,FALSE,FALSE,FALSE,"3- B,S,C"
1952,"Smooth Chocolator, The",Australia,2017,Haiti,"Pisa, batch HA102","complex, earthy, melon",3.5,70,FALSE,FALSE,FALSE,"3- B,S,C"
377,Soma,Canada,2009,Dominican Republic,Hispaniola,"sticky, few grits, mild fruit,sour",3,70,FALSE,FALSE,FALSE,"3- B,S,C"
387,Soma,Canada,2009,Dominican Republic,Conacado,"slow to develop, nutty",3,70,FALSE,FALSE,TRUE,"3- B,S,C"
377,Soma,Canada,2009,Ghana,Africa,"earthy, woody, vegetal",3.5,70,FALSE,FALSE,FALSE,"3- B,S,C"
387,Soma,Canada,2009,Papua New Guinea,Papua New Guinea,"smokey, mushroom, woodsy",3.5,70,FALSE,FALSE,FALSE,"3- B,S,C"
387,Soma,Canada,2009,Madagascar,Madagascar,"subtle red berry, complex",3.75,70,FALSE,FALSE,FALSE,"3- B,S,C"
387,Soma,Canada,2009,Venezuela,Ocumare,black tea,3.75,70,FALSE,FALSE,FALSE,"3- B,S,C"
607,Soma,Canada,2010,Blend,"Black Science Blend 1, DR, Ecuador, Peru","complex, nut, dried fruit, earth",3.75,70,FALSE,FALSE,TRUE,"3- B,S,C"
676,Soma,Canada,2011,Grenada,"Grenada, Black Science","super temper,astringent, burn",2.75,70,FALSE,FALSE,FALSE,"3- B,S,C"
676,Soma,Canada,2011,Bolivia,"Alto Beni, Wild Bolivian","earthy, mild tannic, woody",3.5,70,FALSE,FALSE,FALSE,"3- B,S,C"
688,Soma,Canada,2011,Venezuela,Chuao,"strawberry, green mint",3.5,70,FALSE,FALSE,FALSE,"3- B,S,C"
682,Soma,Canada,2011,Dominican Republic,"Elvesia P., Black Science","dried fruit, tart",3.75,70,FALSE,FALSE,FALSE,"3- B,S,C"
676,Soma,Canada,2011,Blend,"Three Amigos(Chuao, Wild Bolivia, D.R.)","strawberry, cocoa, nutty",4,70,FALSE,TRUE,TRUE,"3- B,S,C"
676,Soma,Canada,2011,Peru,Peruvian,"complex,spice,caramel,cocoa",4,64,FALSE,TRUE,FALSE,"3- B,S,C"
817,Soma,Canada,2012,Haiti,Noula Coop,"uneven, grassy, roasty",3.25,70,FALSE,FALSE,FALSE,"3- B,S,C"
951,Soma,Canada,2012,Guatemala,"Cahabon Region, batch Tri1","sandy, earthy, tangy wine",3.5,70,FALSE,FALSE,FALSE,"3- B,S,C"
967,Soma,Canada,2012,Blend,"Eastern Promises, Mad., Java, PNG, batch EP1","smoke,tobacco,black pepper",3.5,70,FALSE,FALSE,FALSE,"3- B,S,C"
983,Soma,Canada,2012,Papua New Guinea,Papua New Guinea,"mild smoke, fruit, mild burnt",3.5,85,FALSE,FALSE,FALSE,"3- B,S,C"
833,Soma,Canada,2012,U.S.A.,O'ahu Island,"cranberries, cocoa",3.75,70,FALSE,TRUE,FALSE,"3- B,S,C"
951,Soma,Canada,2012,Venezuela,"Carenero Superior, batch CS2","intense, rich burnt caramel",3.75,70,FALSE,FALSE,FALSE,"3- B,S,C"
867,Soma,Canada,2012,Blend,"Dual Origins, Sambirano, Elvesia, batch SD06","creamy, raisin, lemon",4,70,TRUE,FALSE,FALSE,"3- B,S,C"
867,Soma,Canada,2012,Blend,"Dancing in Your Head, 5 bean blend","creamy, complex, peanut",4,70,TRUE,FALSE,TRUE,"3- B,S,C"
1073,Soma,Canada,2013,Peru,"Apurimac, El Quinacho Co-op","creamy, medicinal, mild fruit",2.75,70,TRUE,FALSE,FALSE,"3- B,S,C"
1030,Soma,Canada,2013,Indonesia,Java,"creamy, smokey, some fruit",3.25,70,TRUE,FALSE,FALSE,"3- B,S,C"
1077,Soma,Canada,2013,Blend,Chef's Blend,"grassy, dairy, mild fatty",3.25,70,FALSE,FALSE,FALSE,"3- B,S,C"
1173,Soma,Canada,2013,Venezuela,"Orinoco, batch ORI 1","creamy, nutty, roasty",3.25,70,TRUE,FALSE,TRUE,"3- B,S,C"
1019,Soma,Canada,2013,Dominican Republic,"Rizek Cacao, batch DR 12","smoke, burnt caramel, citrus",3.75,77,FALSE,FALSE,FALSE,"3- B,S,C"
1073,Soma,Canada,2013,Trinidad,Sangre Grande P.,"creamy, brownie mix, roasty",3.75,70,TRUE,FALSE,FALSE,"3- B,S,C"
1077,Soma,Canada,2013,Venezuela,Patanemo,"nutty, chocolate ice cream",3.75,70,TRUE,FALSE,TRUE,"3- B,S,C"
1077,Soma,Canada,2013,Blend,"Crazy 88, Guat., D.R., Peru, Mad., PNG","pronounced berry,mild smoke",4,88,FALSE,FALSE,FALSE,"3- B,S,C"
1077,Soma,Canada,2013,Venezuela,"Maracaibo, El Vigia","delicate, nutty, cocoa, dairy",4,70,FALSE,TRUE,TRUE,"3- B,S,C"
1081,Soma,Canada,2013,Blend,"Equator, Peru, Dom. Rep","roasted nuts, burnt brownie",4,67,FALSE,FALSE,TRUE,"3- B,S,C"
1177,Soma,Canada,2013,Jamaica,"Bachelor's Hall E., St. Thomas Parish, batch bh1","floral, berry, clove",4,70,FALSE,FALSE,FALSE,"3- B,S,C"
1307,Soma,Canada,2014,Nicaragua,La Dalia,"spicy, woodsy",3.25,70,FALSE,FALSE,FALSE,"3- B,S,C"
1339,Soma,Canada,2014,Blend,"Little Big Man, Madagascar & Ecuador","tart, mild sour",3.25,70,FALSE,FALSE,FALSE,"3- B,S,C"
1227,Soma,Canada,2014,Nicaragua,"La Tronca, Matagalpa","basic chocolate, accessible",3.5,70,FALSE,FALSE,FALSE,"3- B,S,C"
1307,Soma,Canada,2014,Ecuador,"Camino Verde P., Balao, Guayas","robust, nutty, brownie",3.5,80,FALSE,FALSE,TRUE,"3- B,S,C"
1259,Soma,Canada,2014,Peru,Maranon Canyon,"creamy, sour orange",3.75,70,TRUE,FALSE,FALSE,"3- B,S,C"
1307,Soma,Canada,2014,Vanuatu,"Espiritu Santo, 'Smoke Monster', batch sm1","creamy, smokey, rich cocoa",3.75,70,TRUE,TRUE,FALSE,"3- B,S,C"
1594,Soma,Canada,2015,Venezuela,CSB Chama,"roasted nuts, dried fruit",3.5,70,FALSE,FALSE,TRUE,"3- B,S,C"
1594,Soma,Canada,2015,Venezuela,Porcelana,"balanced, nuts, strawberry",4,75,FALSE,FALSE,TRUE,"3- B,S,C"
1832,Soma,Canada,2016,Ecuador,"Camino Verde, Black S., batch cvu6030.0","nutty, banana, harsh ending",3.25,70,FALSE,FALSE,TRUE,"3- B,S,C"
1820,Soma,Canada,2016,Dominican Republic,"Oko Caribe, Duarte P., Collab w Chocosol","creamy, sweet, deep choco",3.5,62,TRUE,FALSE,FALSE,"3- B,S,C"
1820,Soma,Canada,2016,Madagascar,"Sambirano Valley, Black Science, B-60307.0",robust dark tropical fruit,3.5,70,FALSE,FALSE,FALSE,"3- B,S,C"
1828,Soma,Canada,2016,Brazil,"Bahia Black, batch bra50722.1","creamy, diluted, mild choco",3.5,70,TRUE,FALSE,FALSE,"3- B,S,C"
1828,Soma,Canada,2016,Nicaragua,"Chuno, San Jose de Bocay, Pantasma R.,B.S.",evolves black pepper to citrus,3.75,70,FALSE,FALSE,FALSE,"3- B,S,C"
1828,Soma,Canada,2016,Blend,"Abstract S. w/ Jamaica nibs,batch abs60323.0","banana, nutty",3.75,75,FALSE,FALSE,TRUE,"3- B,S,C"
1828,Soma,Canada,2016,Vietnam,"Tien Giang, Black S., batch VIT60420.0","creamy, honey, blackberry",4,70,TRUE,FALSE,FALSE,"3- B,S,C"
2016,Soma,Canada,2017,Fiji,Fiji,"creamy, roasty, woody",3.25,70,TRUE,FALSE,FALSE,"3- B,S,C"
2016,Soma,Canada,2017,Colombia,Arauca,"creamy, honey, marshmallow",4,70,TRUE,FALSE,FALSE,"3- B,S,C"
2068,Soma,Canada,2018,Haiti,"Pisa, Creole Gardens","sweet edge, lemon, muted",3,70,FALSE,FALSE,FALSE,"3- B,S,C"
2242,Soma,Canada,2018,Madagascar,"Bejofo, Sambirano V., Akesson E.","creamy, acidic, balanced",4,70,TRUE,FALSE,FALSE,"3- B,S,C"
2242,Soma,Canada,2018,Venezuela,"Choroni, Aragua, Finca Torres Farm","nutty, cocoa",4,70,FALSE,TRUE,TRUE,"3- B,S,C"
2680,Soma,Canada,2021,Blend,Dream Machine (Mad./Dom.Rep./Ecuador),"sweet, cocoa, candy like",3.25,62,FALSE,TRUE,FALSE,Other
2638,Soma,Canada,2021,Madagascar,"Bejofo, Sambirano V., Akesson, b. 6116-BEJ210324","red fruit, peanut butter, cocoa",3.5,70,FALSE,TRUE,TRUE,"3- B,S,C"
2638,Soma,Canada,2021,Venezuela,"Guasare, Rosario de Perija, b.4279-GUA201123","spice, sour malt, woody",3.5,70,FALSE,FALSE,FALSE,"3- B,S,C"
2700,Soma,Canada,2021,Vietnam,"Ben Tre, batch BEN210924 8983","cinamon, nutmeg, hot cocoa",4,70,FALSE,TRUE,TRUE,"3- B,S,C"
2768,Soma,Canada,2022,Uganda,"Semuliki Forest, Bundibugyo, b. 13416SEM220426","creamy,choco strawberry,vanilla",4,70,TRUE,FALSE,FALSE,"3- B,S,C"
761,Szanto Tibor,Hungary,2011,Venezuela,Crudo,"rustic, sugar dominates",3,70,FALSE,FALSE,FALSE,"3- B,S,C"
939,Szanto Tibor,Hungary,2012,Dominican Republic,Santo Domingo,"rustic, large unground pieces",3.25,70,FALSE,FALSE,FALSE,"3- B,S,C"
939,Szanto Tibor,Hungary,2012,Madagascar,Millot Plantation,"rustic, bright fruit",3.25,70,FALSE,FALSE,FALSE,"3- B,S,C"
939,Szanto Tibor,Hungary,2012,Peru,"Ayacucho, ""El Guinacho""","sweet, spicy",3.75,70,FALSE,FALSE,FALSE,"3- B,S,C"
1193,Szanto Tibor,Hungary,2013,Nicaragua,Cacao Blanco,"sour milk, hot cocoa",3.25,70,FALSE,TRUE,FALSE,"3- B,S,C"
1185,Szanto Tibor,Hungary,2013,Madagascar,"Autumn, Primary Harvest, 2012","light color, sandy, fruity",3.5,70,FALSE,FALSE,FALSE,"3- B,S,C"
1185,Szanto Tibor,Hungary,2013,Madagascar,"Spring, Secondary Harvest, 2012","dark color, sandy, fruity",3.5,70,FALSE,FALSE,FALSE,"3- B,S,C"
1263,Szanto Tibor,Hungary,2014,Venezuela,Porcelana,"sandy, earthy, spice, nutty",3.5,70,FALSE,FALSE,TRUE,"3- B,S,C"
1263,Szanto Tibor,Hungary,2014,Cuba,Baracoa,"sandy, banana",3.75,70,FALSE,FALSE,FALSE,"3- B,S,C"
1668,Szanto Tibor,Hungary,2015,Ecuador,Nacional,"sweet, brownie, sour",3.25,70,FALSE,FALSE,FALSE,"3- B,S,C"
1704,Szanto Tibor,Hungary,2015,Cuba,Baracoa,"rustic, spicy, earthy",3.25,88,FALSE,FALSE,FALSE,"3- B,S,C"
1704,Szanto Tibor,Hungary,2015,Madagascar,Ambolikapiky,"sour orange, fatty",3.25,70,FALSE,FALSE,FALSE,"3- B,S,C"
1708,Szanto Tibor,Hungary,2015,Vietnam,"Ben Tre, Mekong Delta","smokey, mild citrus",3.25,70,FALSE,FALSE,FALSE,"3- B,S,C"
1708,Szanto Tibor,Hungary,2015,Brazil,"Fazenda Sempre Firme, Bahia","rustic, earthy, tea",3.5,70,FALSE,FALSE,FALSE,"3- B,S,C"
1704,Szanto Tibor,Hungary,2015,Ecuador,"Winak, Sumaco","coarse, spicy cinnamon",3.75,70,FALSE,FALSE,FALSE,"3- B,S,C"
821,Tejas,U.S.A.,2012,Peru,Capistrano,"perfume, chemical, soapy",2,70,FALSE,FALSE,FALSE,Other
801,Tejas,U.S.A.,2012,Madagascar,Concepcion,"molasses, off notes",2.75,70,FALSE,FALSE,FALSE,Other
829,Tejas,U.S.A.,2012,Bolivia,San Jose,"candy,peanut butter,caramel",2.75,70,FALSE,FALSE,TRUE,"3- B,S,C"
967,Tejas,U.S.A.,2012,Brazil,Espada,"flat, cardboard, metallic",2.75,70,FALSE,FALSE,FALSE,"3- B,S,C"
801,Tejas,U.S.A.,2012,Blend,"Bayou Blend, Ecuador, Mad., PNG","molasses, caramel, spice",3,70,FALSE,FALSE,FALSE,Other
805,Tejas,U.S.A.,2012,Papua New Guinea,Aranama,"molasses, caramel, fruity",3,70,FALSE,FALSE,FALSE,Other
829,Tejas,U.S.A.,2012,Madagascar,Capistrano*,"sticky, caramel",3,70,FALSE,FALSE,FALSE,"3- B,S,C"
971,Tejas,U.S.A.,2012,Venezuela,Concepcion*,"earthy, savory, hammy",3,80,FALSE,FALSE,FALSE,Other
817,Tejas,U.S.A.,2012,Ecuador,"La Bahia, w/ cane juice","gritty, rum, molasses",3.25,70,FALSE,FALSE,FALSE,Other
825,Tejas,U.S.A.,2012,Ecuador,"La Bahia, w/ cane sugar","molasses, fruit, floral",3.25,70,FALSE,FALSE,FALSE,"3- B,S,C"
833,Tejas,U.S.A.,2012,Mexico,Espada,"molasses, caramel",3.25,70,FALSE,FALSE,FALSE,"3- B,S,C"
971,Tejas,U.S.A.,2012,Bolivia,San Jose,"green apple, sweet",3.25,67,FALSE,FALSE,FALSE,"3- B,S,C"
805,Tejas,U.S.A.,2012,Dominican Republic,Presidio,"molasses, caramel",3.5,70,FALSE,FALSE,FALSE,Other
971,Tejas,U.S.A.,2012,Brazil,"Bahia, Floresta Azul,Good Friends Reserve#3","honey, pepper, charcoal",3.5,70,FALSE,FALSE,FALSE,"3- B,S,C"
1323,Terroir,U.S.A.,2014,Ecuador,"Ecuador, batch 6-5-15","intense, mild coffee and rum",3.25,77,FALSE,FALSE,FALSE,"2- B,S"
1323,Terroir,U.S.A.,2014,Madagascar,"Madagascar, batch 6-5-15","sweet, rich, tannic, fruity",3.75,67,FALSE,FALSE,FALSE,"2- B,S"
1323,Terroir,U.S.A.,2014,Uganda,"Uganda, batch 6-3-15","creamy, almond, butter",3.75,73,TRUE,FALSE,FALSE,"2- B,S"
1478,Terroir,U.S.A.,2015,Peru,Peru,"spicy, black pepper, intense",2.75,70,FALSE,FALSE,FALSE,"2- B,S"
1482,Terroir,U.S.A.,2015,Ecuador,Ecuador,"floral, earthy, bourbon",3.25,70,FALSE,FALSE,FALSE,"2- B,S"
1554,Terroir,U.S.A.,2015,Dominican Republic,Oko Caribe,"spicy, black pepper, bold",3.5,70,FALSE,FALSE,FALSE,"3- B,S,C"
1478,Terroir,U.S.A.,2015,Belize,Belize,"nutty, raspberry, metallic",3.75,70,FALSE,FALSE,TRUE,"2- B,S"
1478,Terroir,U.S.A.,2015,Madagascar,Madagascar,"bright fruit, mild sour",3.75,70,FALSE,FALSE,FALSE,"2- B,S"
1558,Terroir,U.S.A.,2015,Guatemala,Guatemala,"walnuts, cocoa, easy melt",3.75,70,FALSE,TRUE,TRUE,"3- B,S,C"
2374,Terroir,U.S.A.,2019,Haiti,Haiti,"harsh, tobacco",2.75,72,FALSE,FALSE,FALSE,"3- B,S,C"
2358,Terroir,U.S.A.,2019,Belize,Maya Mountain,"berries, licorice, cocoa,bitter",3,77,FALSE,TRUE,FALSE,"3- B,S,C"
2370,Terroir,U.S.A.,2019,Bolivia,Alto Beni,"muted, roasted banana",3.25,77,FALSE,FALSE,FALSE,"3- B,S,C"
75,Valrhona,France,2006,Trinidad,Gran Couva 2005 P.,"nutty, vegetal, sweet",2.5,64,FALSE,FALSE,TRUE,Other
63,Valrhona,France,2006,Blend,"Carribean, Caraibe","slight bitter, woody",3,66,FALSE,FALSE,FALSE,Other
75,Valrhona,France,2006,Venezuela,"Porcelana, Maracaibo, Palmira P. 2005","modest, creamy, cocoa",3,64,TRUE,TRUE,FALSE,Other
75,Valrhona,France,2006,Madagascar,"Sambirano, Ampamakia 2005, Millot P.","red berry, rich cocoa",3.5,64,FALSE,TRUE,FALSE,Other
63,Valrhona,France,2006,Blend,"Guanaja, South America","subtle, smooth, earthy, long",3.75,70,FALSE,FALSE,FALSE,Other
147,Valrhona,France,2007,Blend,Le Noir Extra Amer,"creamy, fatty, very bitter",1.5,85,TRUE,FALSE,FALSE,Other
153,Valrhona,France,2007,Blend,"Abinao, West Africa","berries, tart, bitter",2.5,85,FALSE,FALSE,FALSE,Other
157,Valrhona,France,2007,Blend,"Le Noir Amer, West Africa",nutty and bitter dominate,2.75,71,FALSE,FALSE,TRUE,Other
117,Valrhona,France,2007,Blend,"Araguani, Venezuela, Carribean","creamy, rich, licorice",3,72,TRUE,FALSE,FALSE,Other
162,Valrhona,France,2007,Venezuela,"Porcelana, Maracaibo, Palmira P. 2006","creamy, cherry",3.25,64,TRUE,FALSE,FALSE,Other
129,Valrhona,France,2007,Venezuela,Chuao 2002 P.,"sandy, vegetal, cocoa",3.75,65,FALSE,TRUE,FALSE,Other
129,Valrhona,France,2007,Madagascar,Manjari,"creamy, blueberry, raspberry",4,64,TRUE,FALSE,FALSE,Other
395,Valrhona,France,2009,Ghana,Nyangbo,"creamy, cocoa, bread",3.5,68,TRUE,TRUE,FALSE,Other
327,Valrhona,France,2009,Dominican Republic,Tainori,"cocoa dominates, woodsy",3.75,64,FALSE,TRUE,FALSE,Other
370,Valrhona,France,2009,Ecuador,Alpaco,"rich cocoa, hot spice",3.75,66,FALSE,TRUE,FALSE,Other
709,Valrhona,France,2011,Blend,Caraque,"intense sweet, nut, orange",3.25,56,FALSE,FALSE,TRUE,Other
757,Valrhona,France,2011,Venezuela,"Porcelana, Pedegral","creamy, honey,peanut butter",4,64,TRUE,FALSE,TRUE,Other
931,Valrhona,France,2012,Venezuela,"Otucan, Grand Cru","green,unripened fruit,banana",4,69,FALSE,FALSE,FALSE,Other
1145,Valrhona,France,2013,Blend,"Andoa, Grand Cru blend","yogurt, lemon, licorice",3.5,70,FALSE,FALSE,FALSE,Other
1153,Valrhona,France,2013,Dominican Republic,"Loma Sotavento, 2013","complex, herbs, fruit, dairy",3.5,64,FALSE,FALSE,FALSE,Other
1510,Valrhona,France,2015,Peru,"Piura, Illanka, Quemazon","intense, dark berry, grapes",4,63,FALSE,FALSE,FALSE,Other
1972,Valrhona,France,2017,Blend,"Oriado, Peru, Dom. Rep","intense, rich, sweet",3.25,60,FALSE,FALSE,FALSE,"3- B,S,C"
486,Zotter,Austria,2010,Brazil,"Brazil, Mitzi Blue","woody, butterscotch",3,65,FALSE,FALSE,FALSE,Other
749,Zotter,Austria,2011,Congo,Congo,"dairy, salt, caramel",3,65,FALSE,FALSE,FALSE,Other
781,Zotter,Austria,2011,India,Kerala State,"oily, subdued, caramel, salt",3.25,62,FALSE,FALSE,FALSE,Other
749,Zotter,Austria,2011,India,Kerala State,"creamy, masculine, earthy",3.5,65,TRUE,FALSE,FALSE,Other
647,Zotter,Austria,2011,Peru,Peru,"creamy, fatty, mild nutty",3.75,70,TRUE,FALSE,TRUE,Other
875,Zotter,Austria,2012,Peru,"Satipo Pangoa region, 16hr conche","woody, toast, pepper",3,70,FALSE,FALSE,FALSE,Other
879,Zotter,Austria,2012,Ecuador,El Oro,"creamy, nutty, bready",3,75,TRUE,FALSE,TRUE,Other
879,Zotter,Austria,2012,Papua New Guinea,Huiwani Coop,"hint of smoke, fruit",3,75,FALSE,FALSE,FALSE,Other
879,Zotter,Austria,2012,Bolivia,El Ceibo Coop,"smooth, intense blueberry",3.25,90,FALSE,FALSE,FALSE,Other
883,Zotter,Austria,2012,Congo,"Kongo, Highlands","creamy, caramel, salt, sweet",3.25,68,TRUE,FALSE,FALSE,Other
801,Zotter,Austria,2012,Panama,"Bocas del Toro, Cocabo Co-op","oily, earthy, caramel, salty",3.5,72,FALSE,FALSE,FALSE,Other
801,Zotter,Austria,2012,Blend,Amazonas Frucht,"dairy, burnt caramel, coffee",3.5,65,FALSE,FALSE,FALSE,Other
875,Zotter,Austria,2012,Peru,"Satipo Pangoa region, 20hr conche","butterscotch, pepper",3.5,70,FALSE,FALSE,FALSE,Other
883,Zotter,Austria,2012,Blend,"Indianer, Raw","smooth, spicy, floral",3.5,58,FALSE,FALSE,FALSE,Other
875,Zotter,Austria,2012,Dominican Republic,"Loma Los Pinos, Yacao region, D.R.","spice, caramel, toffee, salty",3.75,62,FALSE,FALSE,FALSE,Other
879,Zotter,Austria,2012,Dominican Republic,Santo Domingo,"strawberry, Cadbury egg",3.75,70,FALSE,FALSE,FALSE,Other
1205,Zotter,Austria,2014,Blend,Raw,"waxy, cloying, vegetal",2.75,80,FALSE,FALSE,FALSE,Other
1996,Zotter,Austria,2017,Colombia,"APROCAFA, Acandi","strong nutty, marshmallow",3.75,75,FALSE,FALSE,TRUE,"3- B,S,C"
2036,Zotter,Austria,2018,Blend,"Dry Aged, 30 yr Anniversary bar","fatty, earthy, cocoa",3,75,FALSE,TRUE,FALSE,"3- B,S,C"
2170,Zotter,Austria,2018,Congo,Mountains of the Moon,"fatty, mild nuts, mild fruit",3.25,70,FALSE,FALSE,TRUE,"3- B,S,C"
2170,Zotter,Austria,2018,Belize,Maya Mtn,"muted, roasty, accessible",3.5,72,FALSE,FALSE,FALSE,"3- B,S,C"
