YEAR_START,BUSINESS NAME,DBA NAME,STREET ADDRESS,CITY,ZIP_CODE,longitude,latitude,COUNCIL_DISTRICT
2007,CANNATOPIA GARDENS,CANNA SYLMAR,13509 HUBBARD STREET,SYLMAR,91342,-118.4274,34.3099,7
2024,STANLEY ALLEY HOLDINGS LLC,NA,6218 LANKERSHIM BLVD,NORTH HOLLYWOOD,91606,-118.3857,34.1839,2
2022,SAN PEDRO ISH LLC,GOAT GLOBAL SOUTH LA,2522  S CENTRAL AVENUE    #2534,LOS ANGELES,90011,-118.2544,34.019,9
2006,THE VAULT WOODLAND HILLS,MOTHER NATURE'S REMEDY,22815   VENTURA BLVD,WOODLAND HILLS,91364,-118.624,34.1659,3
2018,CLARMONTI CONSULTING LLC,NA,945  E 10TH STREET    #,LOS ANGELES,90021,-118.2472,34.0333,14
2023,PEACE AND JOY LLC,LA BREA COLLECTIVE,5057 W PICO BLVD,LOS ANGELES,90019,-118.3478,34.0482,10
2024,"LEGALLY GREEN, LLC",NA,16616 SCHOENBORN STREET,NORTH HILLS,91343,-118.4946,34.2222,12
2021,6803 MELROSE AND HOPE LLC,OFF THE CHARTS,6803   MELROSE AVENUE,LOS ANGELES,90038,-118.3408,34.0836,5
2024,SILA BRAND INC,NA,602 E 12TH STREET,LOS ANGELES,90015,-118.2543,34.0342,14
2023,KINGS JUNGLE ENTERPRISES,NA,12846 FOOTHILL BLVD,SYLMAR,91342,-118.4152,34.2927,7
2018,"SILVA MILL, LLC",AUXIN OPERATIVE LLC,1357 E 16TH STREET,LOS ANGELES,90021,-118.247,34.0257,14
2022,SAGE CREST ONE DISTRIBUTION LLC,DOG JACKET,9660   TOPANGA CANYON PLACE   UNIT #B,CHATSWORTH,91311,-118.6042,34.2457,12
2024,CANNA LA LA LLC,NA,4942 VINELAND AVENUE UNIT #215,NORTH HOLLYWOOD,91601,-118.3699,34.1605,2
2006,IRONWORKS COLLECTIVE INC,IRONWORKS COLLECTIVE | STIIIZY DTLA,718 E COMMERCIAL STREET,LOS ANGELES,90012,-118.232,34.0523,14
2023,IGP DISTRIBUTION INC,NA,655 E GAGE AVENUE,LOS ANGELES,90001,-118.2598,33.982,9
2018,"SILVA MILL, LLC",AUXIN OPERATIVE LLC,641   IMPERIAL STREET,LOS ANGELES,90021,-118.2318,34.0368,14
2018,GG QUALITY MANUFACTURING,NA,3214    MINES AVENUE      #,LOS ANGELES,90023,-118.2098,34.0185,14
2024,"HIGHOLOGY, LLC",NA,2806  W FLORENCE AVENUE    #,LOS ANGELES,90043,-118.324,33.9743,8
2007,EIGHT ONE EIGHT COLLECTIVE INC,NA,7232 SEPULVEDA BLVD,VAN NUYS,91405,-118.4661,34.2022,6
2021,PNPLXPRESS INC,PINEAPPLE EXPRESS,1704   VINE STREET,HOLLYWOOD,90028,-118.3263,34.1027,13
2007,FOUNTAIN OF WELLBEING INC,FOUNTAIN OF WELL BEING,7231 HINDS AVENUE,NORTH HOLLYWOOD,91605,-118.391,34.2017,2
2006,THE HIGHER PATH PATIENT ASSOCIATION,THE HIGHER PATH | THE HIGHER PATH DISPENSARY AND DELIVERY,14080 VENTURA BLVD,SHERMAN OAKS,91423,-118.4396,34.1494,4
2021,NICKBOB LLC,NA,4550 MELROSE AVENUE SUITE #B,LOS ANGELES,90029,-118.2996,34.0834,13
2018,3001 LA LLC,NA,3001 E 11TH STREET,LOS ANGELES,90023,-118.2138,34.0209,14
2024,THE RESERVE COLLECTIVE COOPERATIVE CORPORATION,URBAN SMOKE DISPENSARY,9014 S BROADWAY,LOS ANGELES,90003,-118.2779,33.9542,8
2022,NATURE'S NATURAL INC,ERBA CULVER CITY,9021 EXPOSITION BLVD,LOS ANGELES,90034,-118.3927,34.0289,5
2023,4158 PICO HOLDINGS LLC,NA,3318  VENICE BLVD    #,LOS ANGELES,90019,-118.3209,34.0433,10
2023,HOLISTIC HOLDINGS INC,CANNAQUIK DELIVERIES,722 E 62ND STREET SUITE #D,LOS ANGELES,90001,-118.2624,33.9831,9
2018,CLOUD ROYAL PACIFIC 2 LLC,NA,1538 ESPERANZA STREET,LOS ANGELES,90023,-118.2006,34.0149,14
2023,LIVGOOD HOLDINGS LLC,NA,1204 PALOMA STREET UNIT #101,LOS ANGELES,90021,-118.2478,34.0309,14
2022,REVO'S FINEST LLC,GAS STATION DISPENSARY,19234 VANOWEN STREET,RESEDA,91335,-118.5527,34.1934,3
2018,STRATUM BRANDS INC,NA,1025 E 18TH STREET,LOS ANGELES,90021,-118.2519,34.0265,14
2022,1416 ELWOOD LLC,NA,1411 WILSON STREET,LOS ANGELES,90021,-118.2355,34.0239,14
2023,STATE OF HOPE INC,NA,7829 FOOTHILL BLVD,SUNLAND,91040,-118.3036,34.2599,7
2021,TOPANGA LIFE LLC,NA,4863 TOPANGA CANYON BLVD,WOODLAND HILLS,91364,-118.6062,34.1562,3
2007,NEW AGE COMPASSION CARE CENTER INC,NA,350 W MARTIN LUTHER KING JR BLVD,LOS ANGELES,90037,-118.2796,34.0108,9
2020,TIGRAN PETROSYAN,NA,9460 WISH AVENUE,NORTHRIDGE,91325,-118.5082,34.2427,12
2006,COMPASSIONATE PATIENT RESOURCES INC,CPR,18526   PARTHENIA STREET,NORTHRIDGE,91324,-118.5371,34.2279,12
2018,CLADE 9 MCKINLEY AVENUE LLC,NA,6515   MCKINLEY AVENUE,LOS ANGELES,90001,-118.2618,33.9802,9
2022,BOYLE BROTHERS 411 LLC,NA,3600 E OLYMPIC BLVD,LOS ANGELES,90023,-118.2006,34.0176,14
2023,TREE HAUS COMPANY,NA,3324 S LA CIENEGA BLVD,LOS ANGELES,90016,-118.3717,34.0274,10
2022,NATURE'S ACE INC,NA,21220 DEVONSHIRE STREET SUITE #103,CHATSWORTH,91311,-118.5945,34.257,12
2011,"VALLEY HOLISTIC CAREGIVERS, INC",SMARTWEED,1038 N WESTERN AVENUE,LOS ANGELES,90029,-118.3087,34.0895,13
2007,HERBAL PAIN RELIEF CENTER INC,NA,10736 SEPULVEDA BLVD,MISSION HILLS,91345,-118.4671,34.2648,7
2022,MIRACLE LEAF LLC,NA,10401 AVALON BLVD,LOS ANGELES,90003,-118.2655,33.9417,8
2007,COLLECTIVE PHARM,HIGH NOTE CULVER CITY AND CANNA DISTRIBUTION & TRANSIT,5277 W JEFFERSON BLVD,LOS ANGELES,90016,-118.3607,34.0258,10
2023,SFV PREMIUM LLC,NA,11375 LUDDINGTON STREET,SUN VALLEY,91352,-118.3794,34.2251,6
2022,PAR THREE MEDICAL COOPERATIVE CORPORATION,NA,6070 CADILLAC AVENUE,LOS ANGELES,90034,-118.3769,34.038,10
2023,CLCA-2-091218 LLC,NA,7100 AVALON BLVD,LOS ANGELES,90003,-118.2645,33.9756,9
2018,TERRAFORM FARMS INC,TERRAFORM GENETICS,13042   BRADLEY AVENUE,SYLMAR,91342,-118.4614,34.3075,7
2023,BONNET SHORES MANAGEMENT COMPANY LLC,NA,5660 VENICE BLVD,LOS ANGELES,90019,-118.3616,34.0432,10
2018,GREEN KISS FARMS LLC,NA,11378   EL DORADO AVENUE,SAN FERNANDO,91340,-118.4362,34.277,7
2023,SOUTHERN CALIFORNIA FLOWER COMPANY LLC,NA,3401 W 8TH STREET,LOS ANGELES,90005,-118.3034,34.0579,10
2022,CARDIFF COAST MANUFACTURING LLC,DOG JACKET,9660   TOPANGA CANYON PLACE   UNIT #A,CHATSWORTH,91311,-118.6042,34.2457,12
2006,HEZEKIAH INCORPORATED,HEZEKIAH / THE FACTORY,2437 E 24TH STREET,VERNON,90058,-118.2286,34.0166,14
2018,WALIBE SOLUTIONS INC.,NA,400 N MARINE AVENUE,WILMINGTON,90744,-118.2629,33.7744,15
2022,THE 18629 LLC,MAVEN STORE,18629 VENTURA BLVD,TARZANA,91356,-118.5393,34.1702,3
2006,"LOS ANGELES FARMERS, INC.",LA FARMERS | SHOWGROW LA,824 E 17TH STREET,LOS ANGELES,90021,-118.2531,34.0272,14
2018,ELSA ENTERPRISES INC,NA,10648   ARMINTA STREET,SUN VALLEY,91352,-118.3634,34.2136,2
2018,SIGNAL MANAGEMENT LLC,NA,6609   SANTA MONICA BLVD,LOS ANGELES,90038,-118.3346,34.091,13
2006,STRAIN BALBOA CAREGIVERS INC,SFV DELIVERS,21627 DEVONSHIRE STREET #B,CHATSWORTH,91311,-118.5999,34.2572,12
2006,PATIENTS AND CAREGIVERS LOS ANGELES INC,NA,4854   LANKERSHIM BLVD,LOS ANGELES,90064,-118.4325,34.0346,5
2012,KML CONSULTANT INC,NA,9001 S NORMANDIE AVENUE,LOS ANGELES,90044,-118.3002,33.9558,0
2018,GETTY ANALYTICAL LLC,NA,16123   WYANDOTTE STREET,VAN NUYS,91406,-118.4845,34.2033,6
2007,THE POTTERY INC,THE POTTERY,5042   VENICE BLVD,LOS ANGELES,90019,-118.3486,34.045,10
2018,HYPE LLC,NA,1410 E 15TH STREET,LOS ANGELES,90021,-118.2453,34.0251,14
2018,NUGROW LLC,NA,1400   NEWTON STREET,LOS ANGELES,90021,-118.2448,34.0261,14
2018,INDY'S BEST LLC,NA,9100   INDEPENDENCE AVENUE,CHATSWORTH,91311,-118.5904,34.236,12
2023,YORK RETAILER LLC,NA,4667 YORK BLVD,LOS ANGELES,90041,-118.2143,34.1232,14
2007,HOLISTIC HEALING ALTERNATIVE INC,GREENWOLF,2950   LOS FELIZ BLVD   SUITE #100,LOS ANGELES,90039,-118.2638,34.1255,13
2022,BLEU MICHAEL GARNER,NA,6318 VAN NUYS BLVD,VAN NUYS,91401,-118.4485,34.1852,6
2022,CASA GRANDE CANNABIS INC,SOCIAL IQ,3301 S BROADWAY,LOS ANGELES,90007,-118.2737,34.0198,9
2006,ORGANIC CENTURY FARMACY INC,NA,12458   MAGNOLIA BLVD W,VALLEY VILLAGE,91607,-118.4049,34.1645,2
2011,VAHC INC,NA,817 E GAGE AVENUE,LOS ANGELES,90001,-118.2608,33.9823,9
2021,ALTERNATIVE CARE COLLECTIVE LLC,THE SYNDICATE VAN NUYS,14518 ERWIN STREET,VAN NUYS,91411,-118.4495,34.1835,6
2023,LAST MINUTE VENTURES LLC,NA,718 E 59TH STREET,LOS ANGELES,90001,-118.263,33.9867,9
2007,CHRONICPRACTOR CAREGIVERS INC,EXHALE MED CENTER,980 N LA CIENEGA BLVD #102,LOS ANGELES,90069,-118.3764,34.0888,5
2018,HIGH LINE DISTRIBUTION LLC,NA,11165   TENNESSEE AVENUE,LOS ANGELES,90064,-118.4379,34.0381,5
2018,ELISE MANAGEMENT,NA,5717   TOWNE AVENUE   BUILDING,LOS ANGELES,90011,-118.2681,33.9901,9
2007,BUDS & ROSES COLLECTIVE INC,BUDS & ROSES,13047 VENTURA BLVD,STUDIO CITY,91604,-118.4172,34.1457,4
2018,LANCASTER STORAGE PROPERTIES LLC,NA,14845   OXNARD STREET,VAN NUYS,91411,-118.4568,34.1798,6
2007,GREEN EARTH PHARMACY INC,GREEN EARTH PHARMACY | KUSH,1227 W 253RD STREET,HARBOR CITY,90710,-118.2982,33.795,15
2018,AAA MEDICAL SUPPLY,NA,10275   GLENOAKS BLVD   UNIT #2,PACOIMA,91331,-118.3957,34.2568,7
2006,HERBAL REMEDIES CAREGIVERS INC,NA,12423   GLADSTONE AVENUE,SYLMAR,91342,-118.4127,34.2953,7
2023,ILLA CANNA LLC,NA,9035 CANOGA AVENUE,CANOGA PARK,91304,-118.5982,34.2348,3
2022,HEALPURA LLC,COOKIES BRENTWOOD,13030 SAN VICENTE BLVD,LOS ANGELES,90049,-118.4907,34.0482,11
2007,NEW APOTHECARY INC,NA,15374   DICKENS STREET,SHERMAN OAKS,91403,-118.4689,34.1531,4
2018,YHLA CULTIVATION LLC,NA,14747   ARMINTA STREET,PANORAMA CITY,91402,-118.4543,34.214,6
2018,A-Z COMMUNICATIONS INC,KUSHCO,9611 CANOGA AVENUE,CHATSWORTH,91311,-118.5989,34.2445,12
2018,ARCTURIAN LIGHT LLC,NA,2001 E 14TH STREET,LOS ANGELES,90021,-118.237,34.025,14
2018,KURE LABS INC,NA,14770   CALVERT STREET   BUILDING,VAN NUYS,91411,-118.4546,34.1814,6
2006,THE COMPASSION NETWORK,MEDMEN VENICE | VENICE BEACH CARE CENTERS,410 LINCOLN BLVD,VENICE,90291,-118.4659,34.0004,11
2018,GREENARIUM INC.,GREENARIUM,5434   SATSUMA AVENUE,NORTH HOLLYWOOD,91601,-118.367,34.1698,2
2018,ALKHEMIST DM LLC,NA,2211 DAMON STREET,LOS ANGELES,90021,-118.2334,34.0289,14
2018,KANNA KING FARMS COOPERATIVE CORPORATION,NA,3540   UNION PACIFIC AVENUE,LOS ANGELES,90023,-118.2014,34.0162,14
2022,THE MAGNOLIA COMPANY LLC,NA,11611   WASHINGTON PLACE,LOS ANGELES,90066,-118.4211,34.0049,11
2022,EAST LA WELLNESS LLC,NA,1831 E CESAR E CHAVEZ AVENUE,LOS ANGELES,90033,-118.2159,34.0505,14
2022,TORRANCE HEALING CENTER,NA,1513 SEPULVEDA BLVD,TORRANCE,90501,-118.3039,33.8157,15
2022,GROWTH SPIKE HOLDINGS LLC,NA,3656 NOAKES STREET,LOS ANGELES,90023,-118.1977,34.014,14
2021,PASSION BLVD LLC,NA,8979 WOODMAN AVENUE,ARLETA,91331,-118.4388,34.2325,6
2022,HHA CABRITO LLC,NA,15424 CABRITO ROAD UNIT #1,VAN NUYS,91406,-118.4691,34.2163,6
2022,EEG GROUP INC,BUDBOSS,7824 FOOTHILL BLVD,SUNLAND,91040,-118.3034,34.2594,7
2007,RELIEF CCR,BEVERLY HILLS ALTERNATIVE RELIEF CENTER,300 S LA CIENEGA BLVD,LOS ANGELES,90048,-118.3762,34.0731,5
2023,LONNELL CRAWFORD,WAKERY BAKERY DELIVERY,1636 N CAHUENGA BLVD SUITE #200,LOS ANGELES,90028,-118.3293,34.1009,13
2006,THE HOLISTIC CAREGIVERS INC,CRENSHAW HOLISTIC CAREGIVERS,7415   CRENSHAW BLVD,LOS ANGELES,90043,-118.3312,33.9722,8
2018,PARADISE FACTORY LLC,NA,385 W 20TH STREET,SAN PEDRO,90731,-118.2855,33.7258,15
2007,CARE CALIFORNIA CONSULTATION INC,BUDDHA COMPANY,2038 SACRAMENTO STREET,LOS ANGELES,90021,-118.2306,34.0305,14
2018,FF CONSULTING LLC,NA,3408   EMERY STREET,LOS ANGELES,90023,-118.2065,34.0152,14
2021,GREEN HUT MEDS INC,NA,5710 S CENTRAL AVENUE,LOS ANGELES,90011,-118.2563,33.9909,9
2018,SAN FERNANDO VALLEY DISCOUNT MEDICAL SUPPLY,NA,741 TOWNE AVENUE,LOS ANGELES,90021,-118.2464,34.0388,14
2006,EXCLUSIVE CAREGIVERS OF CALIFORNIA INC,NA,6200 S WILTON PLACE,LOS ANGELES,90047,-118.3148,33.9833,8
2018,SAN FERNANDO VALLEY MEDICAL SUPPLY INC,NA,741   TOWNE AVENUE,LOS ANGELES,90021,-118.2464,34.0388,14
2018,MINUTECURE,NA,5300 W 104TH STREET,LOS ANGELES,90045,-118.3725,33.9416,11
2006,STUDIO CITY CAREGIVERS INC,UNIVERSAL COLLECTIVE,3625 CAHUENGA BLVD W,LOS ANGELES,90068,-118.3596,34.1344,4
2022,"THE SAINT LAURENT GROUP, INC",NA,560 W PACIFIC COAST HIGHWAY,WILMINGTON,90744,-118.2691,33.7907,15
2018,SO CAL DISCOUNT MEDICAL SUPPLY INC,NA,9313   BORDEN AVENUE      #,SUN VALLEY,91352,-118.3695,34.2379,6
2018,"VSV MUTUAL GROUP, INC.",NA,7222   HINDS AVENUE,NORTH HOLLYWOOD,91605,-118.3908,34.2018,2
2018,DEMETER RETAIL GROUP LLC,TRADITIONAL,4665 W PICO BLVD,LOS ANGELES,90019,-118.3375,34.049,10
2018,EARTH BLEND INC,CALI BOYZ,828   VENICE BLVD,LOS ANGELES,90015,-118.275,34.0393,1
2011,LA ORGANIC PHARMACY INC,NA,5738 W WASHINGTON BLVD,LOS ANGELES,90016,-118.3694,34.0343,10
2022,LIBRA HOLLYWOOD LLC,NA,801 N VIRGIL AVENUE,LOS ANGELES,90029,-118.2872,34.0858,13
2021,REVO GROUP LLC,NA,10125 SEPULVEDA BLVD,MISSION HILLS,91345,-118.4678,34.2544,7
2022,SAVANNAH PORTSIDE,NA,1804 S PACIFIC AVENUE,SAN PEDRO,90731,-118.2877,33.7276,15
2007,VIRGIL EDWARD GRANT III,WESTERN CAREGIVERS INC,654   MANHATTAN PLACE N,LOS ANGELES,90004,-118.3099,34.0832,13
2022,CALVERT HOLDINGS LLC,NA,14729 CALVERT STREET,VAN NUYS,91411,-118.4542,34.1819,6
2023,AKFC LLC,NA,12212 W PICO BLVD,LOS ANGELES,90064,-118.4512,34.0288,11
2022,BIG MACHINE LLC,NA,20550 NORDHOFF STREET,CHATSWORTH,91311,-118.582,34.2315,3
2022,ATLC MANAGEMENT GROUP INC,NA,11630 PENDLETON STREET,SUN VALLEY,91352,-118.3856,34.2288,6
2016,"SLOANE & ROW, INC.",NA,2629   WAVERLY DRIVE,LOS ANGELES,90039,-118.2589,34.1069,4
2023,STEM ANALYTICAL LLC,NA,3045 E 12TH STREET UNIT #5,LOS ANGELES,90023,-118.2143,34.0197,14
2022,COLLECTIVE STRATEGIES ENTERPRISES LLC,FLEETWOOD DELIVER,11117 FLEETWOOD STREET,SUN VALLEY,91352,-118.3735,34.2306,6
2022,"MOM WEHO, LLC",NA,4901 MELROSE AVENUE,LOS ANGELES,90029,-118.3072,34.0836,13
2018,HIT IT ONCE INC,NA,11176   PENROSE STREET   #1,SUN VALLEY,91352,-118.3743,34.2269,6
2006,"NATURE'S NATURAL CARE, INC.",NEW AMSTERDAM NATURALS,9021 EXPOSITION BLVD,LOS ANGELES,90034,-118.3924,34.0285,5
2023,GREENWAY HIGHWAY INC,NA,7901 FOOTHILL BLVD,SUNLAND,91040,-118.305,34.2597,7
2022,GEMSTONED DELIVERY,NA,801 E 7TH STREET UNIT #120C,LOS ANGELES,90021,-118.2444,34.0397,14
2018,MARY J'S KITCHEN INC,NA,1801 E 41ST PLACE,LOS ANGELES,90058,-118.2408,34.0074,9
2018,RCMR LLC,NA,2477   FLETCHER DRIVE,LOS ANGELES,90039,-118.2552,34.1075,13
2023,CUMBERLAND BLUES LLC,NA,901 W ANAHEIM STREET,WILMINGTON,90744,-118.2731,33.7797,15
2007,NICE DREAMS INC,GREEN CITY COLLECTIVE,8405   PERSHING DRIVE   SUITE #100,PLAYA DEL REY,90293,-118.4432,33.957,11
2006,KOREATOWN COLLECTIVE LLC,ASCLEPIUS,7382 MELROSE AVENUE,LOS ANGELES,90046,-118.3506,34.0835,5
2018,FILIFERA,NA,2501 E 25TH STREET   UNIT #1,VERNON,90058,-118.2277,34.0156,14
2022,COLLECTIVE STRATEGIES ENTERPRISES LLC,NA,7572 SAN FERNANDO ROAD,SUN VALLEY,91352,-118.3536,34.2094,2
2006,DOWNTOWN COLLECTIVE INC,MAGNOLIA WELLNESS | ZEN NOHO,8151 W 3RD STREET,LOS ANGELES,90048,-118.3671,34.0726,5
2018,SYLMAR DISCOUNT COLLECTIVE INC,NA,12806 BRADLEY AVENUE,SYLMAR,91342,-118.4558,34.3026,7
2018,CALI GREEN HOUSE,NA,737   STANFORD AVENUE,LOS ANGELES,90021,-118.2456,34.0382,14
2022,L & G'S GOTHAM CITY LLC,L & G'S GOTHAM CITY,1314 VENICE BLVD,LOS ANGELES,90006,-118.2824,34.0429,1
2018,MELROSE FACILITY MANAGEMENT LLC,NA,7027   ETON AVENUE,CANOGA PARK,91303,-118.5958,34.1982,3
2006,STONEY POINT COLLECTIVE INC,J CALSO DEVLOPMENT,9851   TOPANGA CANYON BLVD,CHATSWORTH,91311,-118.6062,34.2505,12
2021,THE BRINSON CONSULTANT GROUP,THE GREEN PARADISE,1119 S LA BREA AVENUE,LOS ANGELES,90019,-118.344,34.0546,10
2023,H2L VENTURES INC,ROYAL GREENS,5067 W WASHINGTON BLVD,LOS ANGELES,90016,-118.3503,34.0412,10
2022,MDS RETAIL INC,BREAD FARMS,4316 MELROSE AVENUE,LOS ANGELES,90029,-118.2947,34.0834,13
2018,LIVGOOD HOLDINGS LLC,NA,1204 PALOMA STREET,LOS ANGELES,90021,-118.2478,34.0309,14
2020,HOLISTIC ESPERANZA LLC,HOLISTIC INDUSTRIES,1500 ESPERANZA STREET,LOS ANGELES,90023,-118.2006,34.0155,14
2023,GE 212 CORP,NA,212 N AVENUE 19,LOS ANGELES,90031,-118.2231,34.0757,1
2006,"DTPG COLLECTIVE, INC",DTPG / DOWNTOWN PATIENT GROUP,930 S ALAMEDA STREET,LOS ANGELES,90021,-118.2388,34.0265,14
2018,SEROB PAPAZYAN,NA,14310   OXNARD STREET,VAN NUYS,91401,-118.4449,34.1791,4
2009,GREEN DOT,NA,4821 LANKERSHIM BLVD UNIT #F-370,NORTH HOLLYWOOD,91601,-118.3706,34.1584,2
2022,MILE HIGH 420 INC,NA,9870 SAN FERNANDO ROAD UNIT #101,PACOIMA,91331,-118.4041,34.2505,7
2018,EDIBLES LIST LLC,NA,2223 E 16TH STREET,LOS ANGELES,90021,-118.2325,34.0204,14
2023,TKC GROUP INC,NA,11447   VANOWEN STREET,NORTH HOLLYWOOD,91605,-118.3807,34.1943,2
2018,ILLUMICAN SCIENTIFIC INC,NA,9870   SAN FERNANDO ROAD   #101,PACOIMA,91331,-118.4041,34.2505,7
2006,RESOURCE REFERRAL SERVICES INC,"GVC,  GREEN VALLEY COLLECTIVE",10842   MAGNOLIA BLVD,NORTH HOLLYWOOD,91601,-118.3674,34.1644,2
2007,SUNSET HERBAL CORNER INC,SUNSET HERBAL CORNER,11503 BURBANK BLVD UNIT #A,NORTH HOLLYWOOD,91601,-118.3823,34.1721,2
2007,AMYLEE SMITHWICK,JAHLIFE - TRUE HOME OF RASTAFARI | JALIFE - TRUE HOME OF RASTAFARI,1054 S LA BREA AVENUE,LOS ANGELES,90019,-118.3449,34.0561,10
2018,GREEN WORLD EXPRESS INC,NA,814 N SAN FERNANDO ROAD,LOS ANGELES,90065,-118.2272,34.0908,1
2018,GREENARIUM INC.,NA,5426   SATSUMA AVENUE,NORTH HOLLYWOOD,91601,-118.367,34.1698,2
2023,"NOBLE AGR, INC",NA,15050 OXNARD STREET,VAN NUYS,91411,-118.4613,34.1789,4
2018,VRX ENTERPRISES LLC,NA,11300   TUXFORD STREET,SUN VALLEY,91352,-118.3767,34.2301,6
2007,THERAPEUTIC HEALTH COLLECTIVE,NA,621 W ROSECRANS AVENUE UNIT #101,GARDENA,90248,-118.2858,33.9018,15
2021,"POUNDS, INC",NA,1901 S ALAMEDA STREET UNIT #105,LOS ANGELES,90058,-118.2401,34.0195,9
2018,GREEN CITY GROUP LLC,NA,3204 S GRAND AVENUE,LOS ANGELES,90007,-118.275,34.0213,9
2018,TRUE CLASSIC PRODUCTION LLC,TRUE CLASSIC OG,9320   MASON AVENUE,CHATSWORTH,91311,-118.5792,34.2401,12
2023,"CS GROUP OPERATION 2, INC",NA,428 LINCOLN BLVD,VENICE,90291,-118.4655,34.0005,11
2022,UC ADVISOR CORPORATION,SNAP DISTRO,8724 BRADLEY AVENUE,SUN VALLEY,91352,-118.3738,34.2284,6
2007,SUNRISE CAREGIVER FOUNDATION INC,NA,22865 LOCKNESS AVENUE,TORRANCE,90501,-118.3065,33.8176,15
2011,PATIENTS CORP,FOOTHILL WELLNESS CENTER,7132   FOOTHILL BLVD,TUJUNGA,91042,-118.2873,34.2479,7
2018,HANNAH ASHBY,NA,21825   NORDHOFF STREET,CHATSWORTH,91311,-118.6036,34.2359,12
2022,HANN SUNN LLC,NA,1344 N HIGHLAND AVENUE,LOS ANGELES,90028,-118.3383,34.0957,13
2007,WELLNESS CAREGIVERS COLLECTIVE,WEST COAST HOLISTIC CENTER,15460   DEVONSHIRE STREET,MISSION HILLS,91345,-118.4692,34.2572,7
2006,"SUPERIOR HERBAL HEALTH, LLC",THE CLINIK,20447   NORDHOFF STREET,CHATSWORTH,91311,-118.5794,34.2325,12
2018,TRICHOME HEAVEN LLC,NA,12898 BRADLEY AVENUE,SYLMAR,91342,-118.4579,34.3048,7
2021,LVLUP DISTRIBUTION LLC,NA,2300 E 11TH STREET,LOS ANGELES,90021,-118.231,34.0229,14
2018,TED'S BUDZ LLC,NA,1320 LOS PALOS STREET,LOS ANGELES,90023,-118.1949,34.0167,14
2022,EZ DELIVERY LLC,NA,18141 NAPA STREET,NORTHRIDGE,91325,-118.5287,34.2268,12
2018,18401 ENTERPRISES INC,NA,18401   EDDY STREET,NORTHRIDGE,91325,-118.534,34.2282,12
2018,PROBIOTECK,NA,8110   LANKERSHIM BLVD,N HOLLYWOOD,91605,-118.3873,34.2187,6
2021,DAVID MALEC,NA,227 W JEFFERSON BLVD   BUILDING,LOS ANGELES,90007,-118.2752,34.0201,9
2018,VARAVO,VARAVO,11314   HARTLAND STREET,NORTH HOLLYWOOD,91605,-118.3778,34.1949,2
2007,SYLMAR CAREGIVERS INC,NA,1787   WESTWOOD BLVD,LOS ANGELES,90024,-118.4382,34.0508,5
2012,RESEDA DISCOUNT CORPORATION,NA,18448 OXNARD STREET BUILDING,TARZANA,91356,-118.5349,34.1799,3
2021,SHANT JORDAN,NA,7347   ETHEL AVENUE,NORTH HOLLYWOOD,91605,-118.4187,34.2044,2
2018,1429 LA LLC,NA,1429   260TH STREET,HARBOR CITY,90710,-118.3022,33.7872,15
2018,CARE EVOLUTION INC,NA,3458   14TH STREET E,LOS ANGELES,90023,-118.2041,34.0171,14
2018,STRATHERN PROJECT FACILITIES LLC,NA,15759   STRATHERN STREET,VAN NUYS,91406,-118.4871,34.2006,6
2018,MR. T'S COLLECTIVE LLC,MR. T'S COLLECTIVE,6820   CRENSHAW BLVD,LOS ANGELES,90043,-118.3304,33.9763,8
2022,GREEN ANT LLC,SOUTH BAY CANNA CLINIC,1719 PACIFIC COAST HIGHWAY,LOMITA,90717,-118.3084,33.7898,15
2018,THE ART OF EDIBLES,NA,2215 E 16TH STREET,LOS ANGELES,90021,-118.2325,34.0204,14
2006,THE REEFINERY,NA,14901   OXNARD STREET,VAN NUYS,91411,-118.4577,34.1796,6
2005,MME CYON RETAIL INC,MEDMEN | MEDMEN BEVERLY HILLS,110 S ROBERTSON BLVD,LOS ANGELES,90048,-118.3836,34.0752,5
2018,PUNCH MEDIA LLC,PUNCH EDIBLES,8724   REMMET AVENUE,CANOGA PARK,91304,-118.5998,34.229,3
2019,ERICK MEDEL,NA,2209 E 2ND STREET,LOS ANGELES,90033,-118.2128,34.0435,14
2022,NATURES STORY LLC,NA,6455 TOPANGA CANYON BLVD,WOODLAND HILLS,91303,-118.6063,34.1881,3
2021,ELEVATION ABC DISTRIBUTION INC,NA,3250 MINES AVENUE,LOS ANGELES,90023,-118.2086,34.0185,14
2022,LA VERDURE,NA,8122 SEPULVEDA BLVD,PANORAMA CITY,91402,-118.4665,34.2187,6
2022,RIO VERDE CORPORATION,NA,2923 E 11TH STREET,LOS ANGELES,90023,-118.2152,34.0215,14
2021,EUPHOROS LLC,NA,2934 N BROADWAY,LOS ANGELES,90031,-118.2108,34.0736,14
2007,LA WONDERLAND CAREGIVERS INC,NA,151 W 17TH STREET,LOS ANGELES,90015,-118.2644,34.0336,14
2022,CAL STATE PROPERTIES LLC,NA,11245   VANOWEN STREET,NORTH HOLLYWOOD,91605,-118.3764,34.1945,2
2023,GODDESS VALLEY LLC,NA,6145 VINELAND AVENUE,NORTH HOLLYWOOD,91606,-118.3706,34.1825,2
2018,TOKERMAN FARMS LLC,NA,13324   ESTRELLA AVENUE   UNIT #C,GARDENA,90248,-118.2855,33.9108,15
2018,GA FACTORY,NA,1001 E 14TH STREET,LOS ANGELES,90021,-118.2498,34.0302,14
2021,CANNATRUST GROUP LLC,NA,1932   SCOTT AVENUE,LOS ANGELES,90026,-118.2592,34.0813,13
2022,WEED LANE INC,NA,7872 CRENSHAW BLVD,LOS ANGELES,90043,-118.3305,33.9675,8
2022,CRAFTON ELITE LLC,NA,5718   HOLMES AVENUE   UNIT #A,VERNON,90058,-118.2408,33.9907,9
2018,ORGANIC GREEN LEAF COOPERATIVE CORPORATION,NA,1126   SANTEE STREET,LOS ANGELES,90015,-118.2564,34.0369,14
2007,GREEN DRAGON CAREGIVERS INC,GREEN DRAGON,7236 VARNA AVENUE,NORTH HOLLYWOOD,91605,-118.4247,34.2024,2
2018,TOWER 26 INC,NA,8826   BRADLEY AVENUE,SUN VALLEY,91352,-118.3754,34.23,6
2018,KALI BOTANICALS CORP,NA,1056 S MAIN STREET,LOS ANGELES,90015,-118.2575,34.0397,14
2018,ASCELPIUS INCORPORATED,STONEBREAKER,7127   VINELAND AVENUE   UNIT #5,NORTH HOLLYWOOD,91605,-118.3707,34.2002,2
2018,CREME TECH CA LLC,NA,1005 E WASHINGTON BLVD   #C,LOS ANGELES,90021,-118.2529,34.026,14
2007,HERBAL RELIEF CAREGIVERS INC,HERBAL RELIEF CAREGIVERS,7648 CLYBOURN AVENUE #A,SUN VALLEY,91352,-118.3634,34.21,2
2018,"BLAQSTAR WEST HOLDINGS, LLC",BLAQSTAR FARMS,5404   ALHAMBRA AVENUE,LOS ANGELES,90032,-118.1677,34.077,14
2007,VERMONT HERBAL CENTER INC,AIRSIDE WELLNESS,919 N LA CIENEGA BLVD,LOS ANGELES,90069,-118.3768,34.0875,5
2022,LACC LLC,NA,1316 S LOS ANGELES STREET,LOS ANGELES,90015,-118.2594,34.0351,14
2018,CERES PROJECT FACILITIES LLC,NA,19425 LONDELIUS STREET,NORTHRIDGE,91324,-118.5569,34.2303,12
2018,TOP HAT DERBY INC,NA,12201   MONTAGUE STREET,PACOIMA,91331,-118.3992,34.2571,7
2023,NOHO PREMIUM LLC,NA,7222 HINDS AVENUE,NORTH HOLLYWOOD,91605,-118.3908,34.2018,2
2018,GARDEN OF WEEDEN INC,NA,1816 E OLYMPIC BLVD,LOS ANGELES,90021,-118.2387,34.0271,14
2006,ECCWH LLC,ELEVATE,20010   VENTURA BLVD,WOODLAND HILLS,91364,-118.5688,34.1716,3
2018,HAYVENHEALTH LLC,ELEVATED CANNABIS CO,6907   HAYVENHURST AVENUE,VAN NUYS,91406,-118.493,34.1959,6
2018,10TH STREET FACILITIES LLC,NA,2180 E 10TH STREET,LOS ANGELES,90021,-118.234,34.025,14
2022,DROOPIES LLC,NA,7302 SEPULVEDA BLVD,VAN NUYS,91405,-118.4657,34.2032,6
2022,PROSPECT ENTERPRISE LLC,NA,2444 PORTER STREET,LOS ANGELES,90021,-118.2282,34.0262,14
2022,TEN800 LLC,DISTRICT 108,10800 S BROADWAY,LOS ANGELES,90061,-118.2778,33.9381,8
2020,LOS ANGELES FAMILY FARMS LLC,NA,15570 ROXFORD STREET,RANCHO CASCADES,91342,-118.4703,34.3117,7
2007,VALLEY HEALTH CENTER COLLECTIVE INC,NA,9752   GLENOAKS BLVD,SUN VALLEY,91352,-118.3844,34.247,6
2012,MHI BILL INC,NA,21434 OSBORNE STREET,CANOGA PARK,91304,-118.598,34.2336,3
2018,SUPER PREMIUM CANCORP INC,NA,704 E 62ND STREET,LOS ANGELES,90001,-118.2629,33.9829,9
2022,R&B DISTRO CANNSULTANTS INC,NA,530 E D STREET,WILMINGTON,90744,-118.2556,33.7743,15
2023,DIAMOND ALLIANCE LLC,NA,8162 ORION AVENUE,VAN NUYS,91406,-118.472,34.2187,6
2022,DEERING DELIVERY LLC,NA,7868 DEERING AVENUE,CANOGA PARK,91304,-118.5938,34.2127,3
2021,ERTH NATURALS,NA,5909 S NORMANDIE AVENUE,LOS ANGELES,90044,-118.3003,33.9871,8
2018,CALMEDS FARMERS UNION,NA,1606 LOCKNESS PLACE,TORRANCE,90501,-118.3055,33.8177,15
2021,316 FLORENCE HOLDINGS LLC,CATALYST - FLORENCE,316 W FLORENCE AVENUE,LOS ANGELES,90003,-118.279,33.9744,9
2007,CHINATOWN PATIENT COLLECTIVE GROUP INC,COLLECTIVE GROUP CO,15223   BURBANK BLVD,VAN NUYS,91411,-118.4648,34.1724,4
2018,MVN ENTERPRISES LLC,NA,13626   VAUGHN STREET,SAN FERNANDO,91340,-118.4292,34.276,7
2018,RG PURE PRODUCTION,NA,1001 E 14TH STREET,LOS ANGELES,90021,-118.2498,34.0302,14
2018,22232 INC,NA,1434 WESTWOOD BLVD UNIT #11,LOS ANGELES,90024,-118.4409,34.0548,5
2022,D15 COMMERCE INC,NA,1121 N GAFFEY STREET,SAN PEDRO,90731,-118.2925,33.7545,15
2023,LIBRA CRENSHAW LLC,NA,3681 CRENSHAW BLVD,LOS ANGELES,90016,-118.3355,34.0204,10
2022,FARMACOPIA LLC,NA,9060 WINNETKA AVENUE,NORTHRIDGE,91324,-118.5704,34.2351,12
2022,NARMANIA LLC,NA,1335 N LA BREA AVENUE UNIT #2,LOS ANGELES,90028,-118.3443,34.095,13
2007,WFARM1045 INC,THE FARMACY WESTWOOD,1035 GAYLEY AVENUE,LOS ANGELES,90024,-118.4474,34.0613,5
2007,ZEN MEDICAL GARDEN CORPORATION,GREEN LIGHT DISCOUNT PHARMACY | GREENLIGHT DISCOUNT PHARMACY,15507 COBALT STREET UNIT #4,SYLMAR,91342,-118.4695,34.307,7
2018,VO LEASING CORP,NA,15164   OXNARD STREET,VAN NUYS,91411,-118.464,34.1789,4
2006,NORTHRIDGE CAREGIVERS CO-OP INC,HCMA,11826   SHELDON STREET,SUN VALLEY,91352,-118.39,34.2409,6
2023,HUMMING BYRD CONSULTING LLC,NA,615 E 61ST STREET,LOS ANGELES,90001,-118.2646,33.9847,9
2006,PATIENTS AGAINST PAIN INC,PAP & THE BRIDGE,8016   MELROSE AVENUE,LOS ANGELES,90046,-118.3641,34.0836,5
2018,HYBRID L.A. INC,HYBRID LA,3525 E 16TH STREET,LOS ANGELES,90023,-118.2018,34.0153,14
2022,LILYKIS INC,NA,9870 SAN FERNANDO ROAD UNIT #103,PACOIMA,91331,-118.4041,34.2505,7
2007,RED MOON INC,NA,14350 OXNARD STREET,VAN NUYS,91401,-118.4453,34.1793,4
2022,LA FLORA ORGANICA,NA,4750 S BROADWAY,LOS ANGELES,90037,-118.2782,33.9999,9
2022,VALLEY OF THE SUN LLC,NA,11618 PENDLETON STREET,SUN VALLEY,91352,-118.3854,34.229,6
2007,CALIFORNIA'S CHOICE COLLECTIVE INC,NA,7117   LAUREL CANYON BLVD,NORTH HOLLYWOOD,91605,-118.3971,34.1999,2
2018,"THE RX DEPOT GROUP, INC.",NA,8516   SAN FERNANDO ROAD,SUN VALLEY,91352,-118.3758,34.2247,6
2018,CS HERITAGE INDUSTRY INC,NA,1459 S LORENA STREET,LOS ANGELES,90023,-118.2089,34.0175,14
2016,MAGENDA INC,NA,9309   BORDEN AVENUE,SUN VALLEY,91352,-118.37,34.2378,6
2023,NOA POPPY LLC,NA,6000 VENICE BLVD,LOS ANGELES,90034,-118.3738,34.0371,10
2018,FROSTY GREEN GROUP INC,NA,3529 E OLYMPIC BLVD,LOS ANGELES,90023,-118.2019,34.019,14
2018,CSA LA LLC,CANNASAFE,7027   HAYVENHURST AVENUE,VAN NUYS,91406,-118.493,34.1983,6
2007,COMPASSION UNION INC,NA,11669   VANOWEN STREET,NORTH HOLLYWOOD,91605,-118.3867,34.1942,2
2000,GREEN LEAF CAREGIVERS,FIREHAUS,2000 S SEPULVEDA BLVD,LOS ANGELES,90025,-118.4402,34.043,5
2006,BARR CORPORATION,CALIFORNIA CAREGIVERS ALLIANCE,2815 W SUNSET BLVD #201,LOS ANGELES,90026,-118.272,34.082,13
2021,GOOD TIMES CRENSHAW LLC,GORILLA RX,4233 CRENSHAW BLVD UNIT #A,LOS ANGELES,90008,-118.3353,34.0072,8
2018,GREEN SPECTRUM TRADING INC,NA,8541   LANKERSHIM BLVD,SUN VALLEY,91352,-118.3885,34.2251,6
2018,"1333 GRO, LLC",NA,1333   WILSON STREET,LOS ANGELES,90021,-118.2352,34.0256,14
2022,CAL STATE DISTRIBUTORS 2618 LLC,NA,1107 E 12TH STREET,LOS ANGELES,90021,-118.2473,34.0313,14
2021,TLG SOLUTIONS LLC,NA,9623 CANOGA AVENUE,CHATSWORTH,91311,-118.5989,34.2445,12
2007,VALLEY HERBAL CENTER INC,NA,14522   VICTORY BLVD,VAN NUYS,91411,-118.4495,34.1866,6
2023,MR T'S ENTERPRISE,NA,6820 CRENSHAW BLVD,LOS ANGELES,90043,-118.3304,33.9763,8
2007,LAHC INC,NA,2011 PASADENA AVENUE,LOS ANGELES,90031,-118.221,34.0748,1
2014,LOS ANGELES MEDICAL PRODUCTS AND SUPPLIES INC,NA,10456 S VERMONT AVENUE,LOS ANGELES,90044,-118.2916,33.9412,8
2024,PETER ALFARO HOLDING COMPANY LLC,HOOVER HOUSE,604 N HOOVER STREET,LOS ANGELES,90004,-118.2843,34.0818,13
2023,HAPPY PORT INDUSTRIES INC,OFF THE CHARTS PCH,1300 PACIFIC COAST HIGHWAY,HARBOR CITY,90710,-118.3002,33.7891,15
2019,"CALDISTRO, INC.",NA,1325 W GAYLORD STREET,LONG BEACH,90813,-118.2094,33.7867,0
2014,PURE VAPE INC.,NA,3940 LAUREL CANYON BLVD UNIT #565,STUDIO CITY,91604,-118.3946,34.142,4
2022,TIGRANANDLAVRENT LLC,NA,5419 W SUNSET BLVD SUITE #DEF,LOS ANGELES,90027,-118.3079,34.0985,13
2023,JODA ONE LLC,NA,8512 S MAIN STREET,LOS ANGELES,90003,-118.2738,33.9607,9
2018,MALIBU GOLD LLC,NA,2433 HUNTER STREET,LOS ANGELES,90021,-118.2286,34.0279,14
2023,SHAHRAM TIZABI,NA,735 BROAD AVENUE,WILMINGTON,90744,-118.2615,33.7796,15
2018,FARMDALE LLC,NA,6869 FARMDALE AVENUE BUILDING #10-12,NORTH HOLLYWOOD,91605,-118.3818,34.1959,2
2018,NATURE'S LAB CONSULTING LLC,NA,15424   CABRITO ROAD,VAN NUYS,91406,-118.4691,34.2163,6
2022,"DEEPER DIVE LA MANAGEMENT, LLC",NA,2936 E 11TH STREET,LOS ANGELES,90023,-118.2156,34.0213,14
2022,"MIG, INC",NA,8085 WEBB AVENUE,NORTH HOLLYWOOD,91605,-118.3899,34.2177,6
2018,GREGORY YAKUBOVICH,NA,21418   OSBORNE STREET,CANOGA PARK,91304,-118.5984,34.2333,3
2006,BOO KU CC INC,EXHALENCE,10467   ROSCOE BLVD,SUN VALLEY,91352,-118.36,34.2221,6
2023,HEZEKIAH INCORPORATED,JUNGLE BOYS LA,1530 S ALAMEDA STREET UNIT #6AND7,LOS ANGELES,90021,-118.2389,34.0223,14
2022,SOMMER RAY LLC,NA,16633 VENTURA BLVD SUITE #1450,ENCINO,91436,-118.4955,34.1584,4
2022,PURE VAPE INC.,NA,1652 MATEO STREET,LOS ANGELES,90021,-118.2321,34.0243,14
2006,MARY JANE'S COLLECTIVE CAREGIVERS,NA,4901 MELROSE AVENUE,LOS ANGELES,90029,-118.3072,34.0835,13
2018,ELISE MANAGEMENT,NA,1660 E 23RD STREET   BUILDING,LOS ANGELES,90011,-118.2591,34.008,9
2007,GRANADA HILLS DISCOUNT FARMACY INC,NA,6710   VAN NUYS BLVD   UNIT #A,VAN NUYS,91405,-118.4482,34.1925,6
2018,VOYAGE DISTRIBUTION,JOSH ROISTACHER,727   GLADYS AVENUE,LOS ANGELES,90021,-118.2447,34.038,14
2007,ORGANIC GREEN TREATMENT CENTER LLC,LA CANNABIS CO EST 2007,3791   2ND AVENUE,LOS ANGELES,90018,-118.3193,34.0188,10
2018,TAMARACK VALLEY PARTNERS LLC,NA,8620   TAMARACK AVENUE,SUN VALLEY,91352,-118.3848,34.2286,6
2018,RANAJIT CHAUDHURY,NA,7419   GREENBUSH AVENUE,NORTH HOLLYWOOD,91605,-118.4266,34.2054,2
2016,JOSELITO SANTIAGO,NA,8030 VENTURA CANYON AVENUE,PANORAMA CITY,91402,-118.4284,34.2168,6
2018,GUS DIAZ LLC,NA,1451 MIRASOL STREET,LOS ANGELES,90023,-118.1999,34.0156,14
2022,THE ELEVATED GALLERY LLC,NA,300 S MISSION ROAD,LOS ANGELES,90033,-118.227,34.0443,14
2021,"VENTURA OAKS VENTURES, LLC",ILLA STORE,4324 W JEFFERSON BLVD,LOS ANGELES,90016,-118.3437,34.0253,10
2009,LIZBOR INC,WHTC,3760 CAHUENGA BLVD,STUDIO CITY,91604,-118.3619,34.1358,4
2007,SOUTHERN CALIFORNIA COLLECTIVE A CALIFORNIA CORPORATION,CANNARY WEST,2435   MILITARY AVENUE,LOS ANGELES,90064,-118.4327,34.0373,5
2018,WASHINGTON SAGE LLC,NA,770 E WASHINGTON BLVD,LOS ANGELES,90021,-118.2555,34.0264,9
2022,TREEHOUSE BOTANICALS CORPORATION,NA,11614 VENICE BLVD,LOS ANGELES,90066,-118.4241,34.0085,11
2021,LVLUP MANUFACTURING LLC,NA,2300 E 11TH STREET,LOS ANGELES,90021,-118.231,34.0229,14
2015,LINCOLN HEALTH,NA,5650 W WASHINGTON BLVD,LOS ANGELES,90016,-118.367,34.0356,10
2022,MISTER DISTRO INC,NA,3847 BROADWAY PLACE,LOS ANGELES,90037,-118.277,34.0125,9
2018,LEON SNOW,NA,14755   AETNA STREET,VAN NUYS,91411,-118.455,34.1803,6
2007,DEC MEDICAL GROUP INC,CANNASUTRA | DEC MEDICAL INC,11101 VENTURA BLVD #1,STUDIO CITY,91604,-118.3719,34.1411,4
2019,314 LA BREA LLC,NA,314 N LA BREA AVENUE,LOS ANGELES,90036,-118.3437,34.0768,5
2018,OFIR DANGUR,NA,1700 GRIFFITH AVENUE,LOS ANGELES,90021,-118.2521,34.027,14
2023,TELOS LOGISTICAL SOLUTIONS LLC,NA,1321 WILSON STREET,LOS ANGELES,90021,-118.2352,34.0258,14
2018,GREEN HABITAT,NA,756 E WASHINGTON BLVD,LOS ANGELES,90021,-118.256,34.0267,9
2022,FLUIDS MANUFACTURING INC,NA,11925  VOSE STREET    #,NORTH HOLLYWOOD,91605,-118.3931,34.1989,2
2021,SUNSET BUSINESS SOLUTIONS INC,THE SET NORTHRIGE,8503 RESEDA BLVD,NORTHRIDGE,91324,-118.5362,34.2247,12
2007,"LOS ANGELES INDUSTRY, INC",BACKPACK BOYZ LA,5160   VENICE BLVD,LOS ANGELES,90019,-118.3525,34.0444,10
2018,BOYLE BROTHERS 411 LLC,NA,3411 E 15TH STREET,LOS ANGELES,90023,-118.2064,34.016,14
2018,TONY TSUNGCHANG HUANG,NA,706   DUCOMMUN STREET,LOS ANGELES,90012,-118.233,34.0515,14
2023,"PARDIS WORKS, INC",NA,13720 DESMOND STREET,PACOIMA,91331,-118.4314,34.2738,7
2018,SENSI FLORA,NA,13740   SATICOY STREET,PANORAMA CITY,91402,-118.4324,34.2095,6
2018,JEFFERSON SOLUTIONS LLC,NA,700 E JEFFERSON BLVD,LOS ANGELES,90011,-118.2647,34.0147,9
2022,BLEU MICHAEL GARNER,CRENSHAW WELLNESS,4276 CRENSHAW BLVD,LOS ANGELES,90008,-118.3339,34.006100000000004,10
2023,SK DELIVERY INC,NA,7100 AVALON BLVD,LOS ANGELES,90003,-118.2645,33.9756,9
2007,WELCOME THE HEALING TOUCH INC,NA,18013 VENTURA BLVD UNIT #A,ENCINO,91316,-118.5248,34.1646,4
2006,CALIFORNIA ORGANIC TREATMENT CENTER INC,EDEN WELLNESS CENTER,2222 E OLYMPIC BLVD,LOS ANGELES,90021,-118.2329,34.0256,14
2018,CANNA SCIENCE LABS,NA,7857   BURNET AVENUE,VAN NUYS,91405,-118.4632,34.2137,6
2023,SAN FERNANDO RETAILER LLC,NA,12204 SAN FERNANDO ROAD,SYLMAR,91342,-118.4504,34.292,7
2023,LA BREA CONNECTION LLC,NA,360 S LA BREA AVENUE,LOS ANGELES,90036,-118.3437,34.0671,5
2021,IN THE NAME OF CANNABIS LLC,NA,1308 FACTORY PLACE UNIT #302,LOS ANGELES,90013,-118.2352,34.0389,14
2018,"VITA VIRIDIS, INC",NA,7315   FULTON AVENUE,NORTH HOLLYWOOD,91605,-118.4231,34.2036,2
2007,HAZELWOOD PATIENTS COLLECTIVE,NA,17523 VENTURA BLVD,ENCINO,91316,-118.5148,34.1615,4
2018,LESHEM ENTERPRISES LLC,NA,9215   CRANFORD AVENUE,ARLETA,91331,-118.413,34.2368,6
2006,SAN FERNANDO VALLEY PATIENTS COOPERATIVE A NON PROFIT CORPORATION,SAN FERNANDO VALLEY PATIENTS COOPERATIVE,12527   SAN FERNANDO ROAD,SYLMAR,91342,-118.4579,34.2975,7
2006,CAC VENICE LLC,CALIFORNIA ALTERNATIVE CAREGIVERS,122 LINCOLN BLVD #204,VENICE,90291,-118.4696,34.0021,11
2018,AAA STARS ALLIANCE LLC,NA,13131   SHERMAN WAY   #300,NORTH HOLLYWOOD,91605,-118.4193,34.2022,2
2021,HIGHWAY CAREGIVERS INC,NA,135 E VERNON AVENUE,LOS ANGELES,90011,-118.2726,34.0042,9
2024,EPMG MANAGEMENT LLC,NA,8757 VENICE BLVD,LOS ANGELES,90034,-118.3842,34.032,10
2023,HIGH LAND CANNABIS LLC,NA,1344 N HIGHLAND AVENUE,LOS ANGELES,90028,-118.3383,34.0957,13
2021,SIMPLY GREEN FARMS LLC,SGF DELIVERY,7311 FULTON AVENUE,NORTH HOLLYWOOD,91605,-118.4231,34.2033,2
2022,YES DELIVERY LLC,NA,5537 SATSUMA AVENUE,NORTH HOLLYWOOD,91601,-118.3679,34.1713,2
2018,CRC MANUFACTURING LLC,NA,5235   VALLEY BLVD,LOS ANGELES,90032,-118.1705,34.0741,14
2018,SHELDON KBK ENTERPRISES LLC,NA,11847   SHELDON STREET,SUN VALLEY,91352,-118.3919,34.2413,6
2007,KUSHISM INC,KUSHISM,7555 WOODLEY AVENUE,VAN NUYS,91406,-118.4836,34.2078,6
2006,MCFLOWER CORPORATION,DELTA 9 CAREGIVERS,345 N FAIRFAX AVENUE,LOS ANGELES,90036,-118.3618,34.0775,5
2007,ROBERTSON CARE GIVERS BEVERLYWOOD,NA,12800   WENTWORTH STREET,ARLETA,91331,-118.4116,34.2362,6
2006,CRUZ VERDE INC,GREEN CROSS OF TORRANCE,1658 W CARSON STREET SUITE # B C,TORRANCE,90501,-118.3079,33.8314,15
2018,BEACHWOOD INDUSTRIES LLC,NA,7118 CANBY AVENUE UNIT #A-B,RESEDA,91335,-118.5344,34.1997,3
2023,ALTAHERB LLC,NA,1131 GLENDON AVENUE,LOS ANGELES,90024,-118.444,34.0603,5
2018,ELEVATE FARMZ LLC,NA,2222 E WASHINGTON BLVD,LOS ANGELES,90021,-118.2325,34.0187,14
2019,"ZOGALIR, INC",NA,22143 JAMES ALAN CIRCLE,CHATSWORTH,91311,-118.6128,34.2607,12
2022,CABO CONNECTION,NA,1700 GRIFFITH AVENUE,LOS ANGELES,90021,-118.2521,34.027,14
2023,PINE & PROPER LLC,NA,5726 HOLMES AVENUE,LOS ANGELES,90058,-118.2409,33.9905,9
2018,KYLE S RYAN,NA,1513   SEPULVEDA BLVD,TORRANCE,90501,-118.3039,33.8157,15
2018,ISIS M SALAZAR,NA,10516 OXNARD STREET,NORTH HOLLYWOOD,91606,-118.3608,34.1793,2
2018,MAVOD VENTURES INC,NA,3411 S SAN PEDRO STREET,LOS ANGELES,90011,-118.2658,34.0149,9
2018,KANNA KING FARMS COOPERATIVE CORPORATION,NA,3547 E 15TH STREET,LOS ANGELES,90023,-118.2012,34.016,14
2018,"MARIJAYE, A COOPERATIVE CORPORATION",NA,16117   WYANDOTTE STREET,VAN NUYS,91406,-118.4843,34.2033,6
2007,MELROSE HERBAL COLLECTIVE INC,LA CANNABIS CO EST 2007,1603 S LA BREA AVENUE,LOS ANGELES,90019,-118.3457,34.0454,10
2018,PBSV INC,NA,11826   SHELDON STREET,SUN VALLEY,91352,-118.39,34.2409,6
2021,GAS PEDAL DELIVERY & DISTRIBUTION,NA,8759 VENICE BLVD,LOS ANGELES,90034,-118.3842,34.0319,10
2020,"NORTHWEST CONFECTIONS CALIFORNIA, LLC",NA,1538 S EASTERN AVENUE   BUILDING,COMMERCE,90040,-118.1735,34.0118,0
2018,MATADA LLC,NA,2417 E 25TH STREET,VERNON,90058,-118.2294,34.0155,14
2006,CANTODIEM DISPENSING COLLECTIVE INC,MMD MARINA DEL REY,13356 W WASHINGTON BLVD,LOS ANGELES,90066,-118.4438,33.9924,0
2018,CHASE MEDICAL ASSISTING AND SUPPLIES INC,NA,7736   DENSMORE AVENUE,VAN NUYS,91406,-118.477,34.2114,6
2006,DELTA 9 THC LLC,DELTA-9 T.H.C,824 E ANAHEIM STREET UNIT #B,WILMINGTON,90744,-118.2523,33.7805,15
2018,LEGACY HCS LLC,NA,12280 MONTAGUE STREET,PACOIMA,91331,-118.4002,34.2551,7
2023,SCC WEST GROUP LLC,NA,2435 MILITARY AVENUE,LOS ANGELES,90064,-118.4327,34.0373,5
2022,"ASG LA DISTRIBUTION, LLC",SPACEBOOTH,1614 N CAHUENGA BLVD,LOS ANGELES,90028,-118.3294,34.1001,13
2007,VIRGIL EDWARD GRANT III,MED X NOW,1601 S SOTO STREET,LOS ANGELES,90023,-118.2206,34.0208,14
2018,ALM MANAGEMENT LLC,NA,7460 VARNA AVENUE,NORTH HOLLYWOOD,91605,-118.4244,34.2065,2
2014,BLOODVINE MEDIA,NA,101 GROVERTON PLACE SIDE,LOS ANGELES,90077,-118.4477,34.0735,5
2023,NEWCORP ACQUISITION LLC,NA,11032 MAGNOLIA BLVD,NORTH HOLLYWOOD,91601,-118.3717,34.1646,2
2018,JOSEPH MCGRAW INC,NA,7010 AVALON BLVD,LOS ANGELES,90003,-118.2645,33.976,9
2022,ORGANIC GREEN INVESTMENT DOMINION LLC,ORGANIC GREEN MONSTER,11071 SAN FERNANDO ROAD,PACOIMA,91331,-118.4283,34.2713,7
2014,DUONG NGUYEN,ROLLING GREEN GROUP,16400 S VERMONT AVENUE,GARDENA,90247,-118.2912,33.8825,15
2022,THE MINISTRY LLC,NA,1872 S SEPULVEDA BLVD,LOS ANGELES,90025,-118.4418,34.0451,5
2022,CASA GRANDE CANNABIS INC,NA,3303 S BROADWAY,LOS ANGELES,90007,-118.2734,34.0199,9
2018,FULL SPECTRUM GROUP INC,NA,13636   VAUGHN STREET,SAN FERNANDO,91340,-118.4296,34.2758,7
2014,CAPNA INC,NA,7061   HAYVENHURST AVENUE,VAN NUYS,91406,-118.4928,34.1993,6
2023,SK DELIVERY INC,NA,1804 S MAIN STREET,LOS ANGELES,90015,-118.2636,34.0318,14
2006,EAGLE ROCK HERBAL COLLECTIVE LLC,GENIUS,467 S LA BREA AVENUE,LOS ANGELES,90036,-118.3441,34.0656,5
2022,HNA BROTHERS,NA,8300 TAMPA AVENUE SUITE #C,NORTHRIDGE,91324,-118.5532,34.2208,12
2021,NORTH HILLS SOCIETY LLC,KANNALUV,8660   WOODLEY AVENUE   #108,NORTH HILLS,91343,-118.4848,34.2281,12
2018,LIGHTBOX LEASING CORP,NA,2193 E 14TH STREET,LOS ANGELES,90021,-118.2334,34.0238,14
2006,KB COLLECTIVE FOR COMPASSION AND CARE INC,THE KIND CENTER & KB CENTER FOR COMPASSIONATE CARE,1944 N CAHUENGA BLVD,LOS ANGELES,90068,-118.3303,34.1066,4
2018,TOTAL ACCOUNTABILITY VENTURES INC,NA,20801   NORDHOFF STREET   UNIT #C,CHATSWORTH,91311,-118.5868,34.236,12
2018,SPECTRUM GROWERS LLC,NA,949 E 31ST STREET,LOS ANGELES,90011,-118.2582,34.0156,9
2018,BROADWAY ALLIANCE LLC,NA,2408 S BROADWAY,LOS ANGELES,90007,-118.2684,34.0268,9
2018,DUB BROTHERS MANAGEMENT LLC,NA,3480 E 14TH STREET,LOS ANGELES,90023,-118.2035,34.0171,14
2020,JENNY GAGE AND TOM BETTERTON INC,NA,3470 BEETHOVEN STREET,LOS ANGELES,90066,-118.4463,34.007,11
2022,JS RESERVE,NA,5839 YORK BLVD,LOS ANGELES,90042,-118.1908,34.1187,14
2018,PLAID VEST ALLIANCE LLC,NA,8154   ORION AVENUE,VAN NUYS,91406,-118.4718,34.2189,6
2021,GAS STATION DELIVERY,CANNABIS EXPRESS,8557 RESEDA BLVD,NORTHRIDGE,91324,-118.5362,34.2261,12
2022,UNCLEMJ LLC,NA,5364 W ADAMS BLVD,LOS ANGELES,90016,-118.3601,34.0322,10
2020,I'M A KID,NA,5420   YOLANDA AVENUE   UNIT #125,TARZANA,91356,-118.54,34.1694,3
2018,1400 LA LLC,NA,1429 260TH STREET UNIT #D,HARBOR CITY,90710,-118.3022,33.7872,15
2018,PEARL PHARMA INC,NA,16146   COVELLO STREET,VAN NUYS,91406,-118.4853,34.2073,6
2018,RAZO VENTURES,CHOCOLATE HAUS,8979   SAN FERNANDO ROAD,SUN VALLEY,91352,-118.3865,34.2317,6
2006,ALTERNATIVE MEDICINAL CAREGIVERS INC,GREEN ANGEL,22748 VENTURA BLVD,WOODLAND HILLS,91364,-118.6219,34.1664,3
2006,420 FOR THE PEOPLE COOPERATIVE INC,NA,12433   VENTURA BLVD,STUDIO CITY,91604,-118.4042,34.1429,4
2021,HIERBA LLC,NA,2625 E CESAR E CHAVEZ AVENUE,LOS ANGELES,90033,-118.2042,34.0454,14
2018,ZASP,NA,11308   HARTLAND STREET,NORTH HOLLYWOOD,91605,-118.3781,34.1951,2
2018,ECHSEN INDUSTRIES LLC,NA,14715   ARMINTA STREET,VAN NUYS,91402,-118.4536,34.2139,6
2007,MMR CENTER INC,MEDICAL MARIJUANA RELIEF CENTER,14000   VENTURA BLVD,SHERMAN OAKS,91423,-118.4374,34.1488,4
2018,ADVANCED PATIENTS' COLLECTIVE,NA,2430   PORTER STREET,LOS ANGELES,90021,-118.2289,34.0264,14
2018,TONY TSUNGCHANG HUANG,NA,701   JACKSON STREET,LOS ANGELES,90012,-118.2334,34.0512,14
2023,MAINSTAY GOODS INC.,NA,3401 S SAN PEDRO STREET,LOS ANGELES,90011,-118.2657,34.0151,9
2018,KDM HOLDINGS LLC,NA,300 S MISSION ROAD,LOS ANGELES,90033,-118.227,34.0443,14
2005,VALLEY COLLECTIVE CARE INC,THE ATRIUM GROUP,5441   TOPANGA CANYON BLVD,WOODLAND HILLS,91367,-118.6062,34.1698,3
2018,"VSV MUTUAL GROUP, INC.",NA,11375   LUDDINGTON STREET,SUN VALLEY,91352,-118.3794,34.2251,6
2022,RIO VERDE CORPORATION,NA,2940 E OLYMPIC BLVD,LOS ANGELES,90023,-118.2145,34.0216,14
2018,CAL STATE INVESTMENTS LLC,NA,11255   VANOWEN STREET,NORTH HOLLYWOOD,91605,-118.3764,34.1945,2
2023,DSC ALLIANCE LLC,NA,2408 S BROADWAY SUITE #G,LOS ANGELES,90007,-118.2684,34.0268,9
2014,BAM ARCHITECTURE STUDIO DPC,NA,3191  CASITAS AVENUE SUITE #116,LOS ANGELES,90039,-118.2497,34.1146,13
2018,MVN PRODUCTIONS LLC,NA,13546   DESMOND STREET,PACOIMA,91331,-118.4272,34.275,7
2012,SEAN KILGORE HAN,NA,3347   MCLAUGHLIN AVENUE,LOS ANGELES,90066,-118.4331,34.0174,11
2022,DEERING DELIVERY LLC,NA,5051 W SUNSET BLVD,LOS ANGELES,90027,-118.2997,34.0984,13
2006,ORIGINAL BALBOA CAREGIVERS INC,HAVANA GREEN,9419   MASON AVENUE,CHATSWORTH,91311,-118.581,34.2413,12
2006,HIGHLAND PARK PATIENT COLLECTIVE INC,HPPC / THE PLANT,21759   ERWIN STREET   SUITE #21757A,WOODLAND HILLS,91367,-118.6032,34.1829,3
2006,MID CITY CANNABIS CLUB INC,LA BREA COLLECTIVE,5057 W PICO BLVD,LOS ANGELES,90019,-118.348,34.0478,10
2010,NEW ERA CAREGIVERS,NA,1238 S FLOWER STREET,LOS ANGELES,90015,-118.2667,34.0401,14
2021,2000 S LA CIENEGA AND HOPE LLC,SIXTY FOUR & HOPE,2000 S LA CIENEGA BLVD,LOS ANGELES,90034,-118.3767,34.0401,10
2022,PACIFIC EDEN LLC,NA,641 IMPERIAL STREET,LOS ANGELES,90021,-118.2318,34.0368,14
2021,JWJC INC,WYLLOW,2622 S ROBERTSON BLVD,LOS ANGELES,90034,-118.3883,34.0377,10
2021,BAY TEA UNLIMITED LLC,JOSEPHINE & BILLIES,1535 W MARTIN LUTHER KING JR BLVD,LOS ANGELES,90062,-118.305,34.011,8
2011,HERBALCURE CORPORATION,HERBALCURE,17601 S DENVER AVENUE,GARDENA,90248,-118.2831,33.8706,15
2022,MC3 INC,NA,7674 SAN FERNANDO ROAD,SUN VALLEY,91352,-118.3561,34.2111,2
2007,NORTH HOLLYWOOD COMPASSIONATE CAREGIVERS INC,NA,8085   WEBB AVENUE,NORTH HOLLYWOOD,91605,-118.3899,34.2177,6
2018,FF CONSULTING LLC,NA,3558   HUNTER STREET,LOS ANGELES,90023,-118.2007,34.0194,14
2020,"LONG BEACH DISTRIBUTION SOLUTIONS, LLC",NA,1501 W 14TH STREET,LONG BEACH,90813,-118.2123,33.784,0
2023,BOYD HOLDINGS LLC,NA,1315 BOYD STREET,LOS ANGELES,90033,-118.2114,34.0495,14
2018,VENICE CAREGIVER FOUNDATION INC,MEDMEN SUN VALLEY,8724   BRADLEY AVENUE,SUN VALLEY,91352,-118.3738,34.2284,6
2018,THE BAKE SHOP LA LLC,NA,921   VENICE BLVD,LOS ANGELES,90015,-118.2757,34.0403,1
2007,NATURAL AID PHARMACY A COOPERATIVE CORPORATION,NATURAL AID PHARMACY,8124   FOOTHILL BLVD,SUNLAND,91040,-118.3101,34.2594,7
2022,GREEN EARTH VITALITY CORPORATION,NA,212 N AVENUE 19,LOS ANGELES,90031,-118.2231,34.0757,1
2018,1350 LA LLC,NA,1350   ELWOOD STREET,LOS ANGELES,90021,-118.2357,34.0251,14
2021,ANIMAS DISTRIBUTION LLC,NA,3200 S GRAND AVENUE,LOS ANGELES,90007,-118.275,34.0213,9
2022,ELEVATION WELLNESS CENTER INC,NA,238 S MISSION ROAD,LOS ANGELES,90033,-118.2271,34.0448,14
2023,CLOVEST RETAIL 1682 LLC,NA,1682 E 41ST STREET,LOS ANGELES,90011,-118.2436,34.0079,9
2022,YOUNG BULLS DELIVERY LLC,NA,7011 ETON AVENUE,CANOGA PARK,91303,-118.5958,34.1977,3
2006,LOS ANGELES WELLNESS CENTER,ERBA,12320 W PICO BLVD,LOS ANGELES,90064,-118.4524,34.0281,11
2018,GOOD TREE HOLDING,NA,3656   NOAKES STREET,LOS ANGELES,90023,-118.1977,34.014,14
2023,KORE RETAIL GROUP LLC,NA,3750 E OLYMPIC BLVD,LOS ANGELES,90023,-118.1946,34.0187,14
2018,DS MASTER,NA,2221 E WASHINGTON BLVD   BUILDING #B,LOS ANGELES,90021,-118.2324,34.0196,14
2023,VMSCANN INC,NA,11500 S VERMONT AVENUE,LOS ANGELES,90044,-118.2912,33.9299,8
2021,"MARVEL S&S, INC.",FLOWER & LEAF,1524 W FLORENCE AVENUE,LOS ANGELES,90047,-118.3034,33.9743,8
2018,CONCENTRATED SERVICES LLC,NA,11677   SHELDON STREET,SUN VALLEY,91352,-118.387,34.2444,6
2006,CIRCLE OF HOPE ALLIANCE,BLUE GATE/ CIRCLE OF HOPE ALLIANCE,16901   ROSCOE BLVD,NORTHRIDGE,91343,-118.5012,34.2216,12
2023,LUCKY FAMILY BRANDS INC,FROOT,9310 TOPANGA CANYON BLVD,CHATSWORTH,91311,-118.6054,34.2394,12
2018,"CROWN GENETICS, LLC",NA,7742   DENSMORE AVENUE,VAN NUYS,91406,-118.4763,34.2116,6
2006,KUSH VALLEY COLLECTIVE,THE ORIGINALS FACTORY | THE ORIGINALS FACTORY AND WEED SHOP,6500   STANFORD AVENUE,LOS ANGELES,90001,-118.2624,33.981,9
2018,EAK ENTERPRISES INC,NA,2333 E OLYMPIC BLVD,LOS ANGELES,90021,-118.2314,34.026,14
2007,SAFE HARBOR PATIENT'S COLLECTIVE INC,NA,1413 WESTWOOD BLVD,LOS ANGELES,90024,-118.4417,34.055,5
2021,ACES LA INC,NA,738 N HIGHLAND AVENUE,LOS ANGELES,90038,-118.3383,34.0846,13
2018,VEGVAD LLC,NA,7232 VAN NUYS BLVD    #205,VAN NUYS,91405,-118.4479,34.2022,2
2018,ELEVEN 23 GROUP LLC,THE SOURCE DOWNTOWN LOS ANGELES,1144 S LOS ANGELES STREET,LOS ANGELES,90015,-118.2576,34.0377,14
2018,FOREIGN GENETICS INC,NA,14646   KESWICK STREET,VAN NUYS,91405,-118.4522,34.2102,6
2018,SALIYA DE SILVA,NA,8756   VANALDEN AVENUE,NORTHRIDGE,91324,-118.5486,34.2299,12
2021,CAN AM PARTNERS LLC,NA,16136 SHERMAN WAY,VAN NUYS,91406,-118.4849,34.2007,6
2018,PLAN B VISION,PLAN B VISION,11737   WICKS STREET,SUN VALLEY,91352,-118.3888,34.238,6
2021,OG PRIMO COLLECTIVE,NA,2320 ABBOT KINNEY BLVD,VENICE,90291,-118.4588,33.9881,11
2005,HOLISTIC SUPPLEMENTS,COLLECTIVE CAREGIVERS PHARMACY AND 2 AM PHARMACY,1149 S LOS ANGELES STREET,LOS ANGELES,90015,-118.2584,34.0374,14
2018,"BARE FARMS DISTRIBUTION, LLC",NA,15036   OXNARD STREET,VAN NUYS,91411,-118.4609,34.1789,4
2022,"JBLR JOINT VENTURE, LLC",NA,560 W PACIFIC COAST HIGHWAY,WILMINGTON,90744,-118.2691,33.7907,15
2018,CRISTINA LOUISE CLARK,CRISTINA LOUISE CLARK,3361   UNION PACIFIC AVENUE,LOS ANGELES,90023,-118.2069,34.0167,14
2022,NEW GREEN LLC,NA,5261 ALHAMBRA AVENUE,LOS ANGELES,90032,-118.1711,34.075,14
2007,ALTERNATIVE MEDICINE GROUP INC,BOUTIQ,1423   ABBOT KINNEY BLVD,VENICE,90291,-118.4651,33.9906,11
2018,PACIFIC WEST DISTRIBUTORS,NA,3329   UNION PACIFIC AVENUE,LOS ANGELES,90023,-118.208,34.0167,14
2021,PWN MANAGEMENT LLC,NA,8427 CANOGA AVENUE,CANOGA PARK,91304,-118.5976,34.2229,3
2023,TREEHOUSE BOTANICALS CORPORATION,NA,11100 SEPULVEDA BLVD,MISSION HILLS,91345,-118.4671,34.2725,7
2011,GREEN EARTH VITALITY CORPORATION,GREEN EARTH COLLECTIVE,4801 YORK BLVD,LOS ANGELES,90042,-118.2109,34.1222,14
2023,WALL STREET FARMS LLC,THE CURE COMPANY SOUTH LA,109 E 101ST STREET,LOS ANGELES,90003,-118.2735,33.9447,8
2008,GRATEFUL MEDS INC,COAST TO COAST DTLA,547 SEATON STREET,LOS ANGELES,90013,-118.2372,34.0408,14
2018,ALTERNATIVE RESEARCH GROUP,GREEN LABEL RX,9448   TOPANGA CANYON BLVD,CHATSWORTH,91311,-118.6055,34.2422,12
2006,PROGRESSIVE HORIZON INC,WEST COAST COLLECTIVE,837 S LOS ANGELES STREET,LOS ANGELES,90014,-118.2533,34.0414,14
2018,1346 LA LLC,NA,1346   ELWOOD STREET,LOS ANGELES,90021,-118.2356,34.0252,14
2006,SHERMAN OAKS COLLECTIVE CARE INC,GRADUS,5740   LANKERSHIM BLVD,NORTH HOLLYWOOD,91601,-118.3804,34.1751,2
2019,MOHAMMAD MOMENABADI,NA,11728 WILSHIRE BLVD APT #B1314,LOS ANGELES,90025,-118.4606,34.0481,11
2023,FARMDALE DELIVERY LLC,NA,6857 FARMDALE AVENUE,NORTH HOLLYWOOD,91605,-118.3819,34.1955,2
2006,SUN VALLEY CAREGIVERS INC,SVC11000,11000   RANDALL STREET,SUN VALLEY,91352,-118.3697,34.2382,6
2006,THE WELLNESS EARTH ENERGY DISPENSARY INC,PROJECT CANNABIS STUDIO CITY,11557 VENTURA BLVD,STUDIO CITY,91604,-118.3837,34.1399,4
2022,WISE PATH INC,ALL TIME HIGH,6141 VINELAND AVENUE,NORTH HOLLYWOOD,91606,-118.3706,34.1824,2
2018,SACRED TREE 365 LLC,NA,20660 BAHAMA STREET,CHATSWORTH,91311,-118.5838,34.2314,3
2018,JAE MANAGEMENT LLC,NA,1115 E 10TH STREET,LOS ANGELES,90021,-118.2461,34.0327,14
2006,TRINITY MA INC,CANNA CLINIC,2131   WESTWOOD BLVD,LOS ANGELES,90025,-118.4325,34.0442,5
2007,THE VAN NUYS GROUP LLC,THE GREEN EASY,8311 BEVERLY BLVD,LOS ANGELES,90048,-118.3703,34.076,5
2018,MOHAMMAD BHAIMIA,NA,513 E 4TH STREET,LOS ANGELES,90013,-118.2409,34.0449,14
2018,INFINITY GARDEN SOLUTIONS INC,NA,655 E GAGE AVENUE,LOS ANGELES,90001,-118.2627,33.9821,9
2006,GREENHOUSE ORGANICS INC,THE GREENHOUSE,2304   SAWTELLE BLVD,LOS ANGELES,90064,-118.4395,34.0368,11
2018,CLONE GODDESS INC,NA,9000   WINNETKA AVENUE,NORTHRIDGE,91324,-118.5704,34.2336,12
2006,TOLUCA LAKE COLLECTIVE INC,TLC COLLECTIVE (JUNGLE BOYS),3650 E OLYMPIC BLVD,LOS ANGELES,90023,-118.1986,34.0178,14
2018,SPLIFFIN GROUP,NA,1411   WILSON STREET,LOS ANGELES,90021,-118.2355,34.0239,14
2006,PLATINUM CLUB INC,PLATINUM CLUB,18441   VANOWEN STREET,RESEDA,91335,-118.5349,34.1939,4
2006,THE LIVING EARTH WELLNESS CENTER COLLECTIVE INC,LITCO,1323 S FLOWER STREET,LOS ANGELES,90015,-118.2677,34.0394,14
2018,KOLOR KONCEPT INC,ROOTS & BUDZ,11333   VANOWEN STREET,NORTH HOLLYWOOD,91605,-118.3778,34.1943,2
2023,VALLEY OPPORTUNITIES LLC,NA,10701   BURBANK BLVD,NORTH HOLLYWOOD,91601,-118.364,34.1724,2
2018,BRAND NEW CONCEPTS LLC,NA,11618 W PENDLETON STREET,SUN VALLEY,91352,-118.3854,34.229,6
2017,"COSMIC EDIBLES, LLC",COSMIC,1720 E 41ST PLACE,LOS ANGELES,90058,-118.2425,34.0067,9
2022,NICKY BOBBY LLC,NA,12916   RIVERSIDE DRIVE,SHERMAN OAKS,91423,-118.4145,34.1573,4
2018,MARCUS MARTIN/CHERYL MARTIN,BOMB FLOWER SMOKESHOP,8945 S WESTERN AVENUE   SUITE #A,LOS ANGELES,90047,-118.3094,33.955,8
2022,WHITE FOG LLC,NA,3400 S MAIN STREET,LOS ANGELES,90007,-118.2723,34.018,9
2022,"GAME OVER DISTRIBUTION, LLC",NA,20550 NORDHOFF STREET UNIT #A,CHATSWORTH,91311,-118.582,34.2315,3
2006,THE LITTLE COTTAGE CAREGIVERS LLC,NA,979 N LA BREA AVENUE,WEST HOLLYWOOD,90038,-118.3447,34.0886,5
2018,REMMET FACILITIES LLC,NA,8010   REMMET AVENUE,CANOGA PARK,91304,-118.6001,34.2159,3
2022,CRAFTON MANUFACTURING LLC,NA,5718   HOLMES AVENUE   UNIT #C,VERNON,90058,-118.2408,33.9907,9
2018,THE GOLDEN LION INC,NA,781 E 14TH STREET,LOS ANGELES,90021,-118.2519,34.0312,14
2022,MACAPA INC,NA,2329 W PICO BLVD,LOS ANGELES,90006,-118.2874,34.0474,1
2018,KUSHCO DISTRIBUTION,NA,1232   HOOPER AVENUE   BUILDING,LOS ANGELES,90021,-118.2425,34.0267,14
2018,GREENARIUM INC.,NA,5430   SATSUMA AVENUE,NORTH HOLLYWOOD,91601,-118.3672,34.1697,2
2021,THE BLAKERIE LLC,NA,915 VENICE BLVD,LOS ANGELES,90015,-118.2755,34.0402,1
2018,STAGG PROJECT FACILITIES LLC,NA,16868   STAGG STREET,VAN NUYS,91406,-118.5003,34.2131,6
2007,HERBAL SOLUTIONS SOUTHERN CALIFORNIA INC,EVOLV CANNABIS | LA BREA COMPASSIONATE CAREGIVERS,25937   WESTERN AVENUE,LOMITA,90717,-118.3081,33.7871,15
2007,THE RELIEF COLLECTIVE INC,THE GROWCERY,5816 W PICO BLVD,LOS ANGELES,90019,-118.365,34.0509,10
2022,THE GREEN CO DISPENSARY INC,NA,1705 S GAFFEY STREET,SAN PEDRO,90731,-118.2927,33.7285,15
2022,PURE GENUS ENTERPRISES,WEST COAST FINEST,4568 S CENTINELA AVENUE,LOS ANGELES,90066,-118.4215,33.9918,11
2022,"ELEVATE RETAIL, INC.",NA,5277 W JEFFERSON BLVD,LOS ANGELES,90016,-118.3607,34.0258,10
2018,"VANGARDE CULTIVATION, LLC",NA,1507   MIRASOL STREET,LOS ANGELES,90023,-118.1999,34.0155,14
2021,EPIC SOLUTIONS & ANALYTICS LLC,NA,1940 LONG BEACH AVENUE,LOS ANGELES,90058,-118.2424,34.0193,9
2007,KUSH KORNER II,K.K.II,813   CRISTOBAL AVENUE,WILMINGTON,90744,-118.243,33.7816,15
2018,KEGA FARMS LLC,NA,10452   ILEX AVENUE,PACOIMA,91331,-118.4169,34.2602,7
2007,GREEN DOT MEDICINAL CANNABIS PATIENT'S GROUP,GREEN DOT,4200 LINCOLN BLVD,MARINA DEL REY,90292,-118.4444,33.9868,11
2022,I CANNI INC,NA,8546 SEPULVEDA BLVD UNIT #1,NORTH HILLS,91343,-118.467,34.226,6
2022,COASTAL DIAGNOSTIC SERVICES LLC,NA,1505 S SANTA FE AVENUE,LOS ANGELES,90021,-118.2302,34.0264,14
2022,KUSH KORNER II,NA,5143 ALHAMBRA AVENUE,LOS ANGELES,90032,-118.174,34.0726,14
2023,COLORADO BLVD PARTNERS LLC,CLOUDI CANNABIS,1731 COLORADO BLVD,LOS ANGELES,90041,-118.2054,34.1397,14
2006,WESTSIDE CAREGIVERS CLUB INC,DOSIST WS | WESTSIDE CAREGIVERS CLUB,7731   HAYVENHURST AVENUE,VAN NUYS,91406,-118.4937,34.211,6
2023,KY1 ENTERPRISES LLC,NA,10973 PENROSE STREET UNIT #E,SUN VALLEY,91352,-118.3704,34.2306,6
2018,TOTAL HEALING TOUCH,NA,711 E GAGE AVENUE,LOS ANGELES,90001,-118.2625,33.9823,9
2005,CALI CAL VENTURES INC,COMPASSIONATE CAREGIVERS OF STUDIO CITY,11422 MOORPARK STREET,STUDIO CITY,91602,-118.3798,34.1503,2
2020,PHYTO GROUP LLC,NA,8115   LANKERSHIM BLVD,NORTH HOLLYWOOD,91605,-118.3884,34.2181,6
2018,SERGIO CAMACHO,NA,8877   NORRIS AVENUE,SUN VALLEY,91352,-118.3741,34.2302,6
2018,CANNABISCO INC,CANNAFUSIONS,7022   DARBY AVENUE   UNIT #B,RESEDA,91335,-118.5333,34.1979,4
2018,YOUNG BULLS LLC,NA,7011 ETON AVENUE,CANOGA PARK,91303,-118.5958,34.1977,3
2007,DIVINE WELLNESS CENTER INC,NA,7246 ETON AVENUE,CANOGA PARK,91303,-118.5954,34.2018,3
2023,ARG GROUP LLC,NA,9450 TOPANGA CANYON BLVD,CHATSWORTH,91311,-118.6054,34.2422,12
2007,INFINITY MEDICAL ALLIANCE INC,NA,1609   LOCKNESS PLACE,TORRANCE,90501,-118.3057,33.8187,15
2021,KLEIN AND WOODS CORP,NA,2301 W WASHINGTON BLVD,LOS ANGELES,90018,-118.312,34.0402,10
2018,GOLDEN GATE ARCK,GOLDEN GATE ARCK,3365   UNION PACIFIC AVENUE,LOS ANGELES,90023,-118.2068,34.0167,14
2007,CALIFORNIA'S FINEST COAST TO COAST INC,COAST TO COAST COLLECTIVE,7127 CANOGA AVENUE,CANOGA PARK,91303,-118.5977,34.1998,3
2006,NATURAL REMEDIES CAREGIVERS,NA,927 N WESTERN AVENUE,LOS ANGELES,90029,-118.3091,34.0874,13
2022,GREEN QWEEN LLC,NA,1051 S BROADWAY,LOS ANGELES,90015,-118.2588,34.0402,14
2022,CS GROUP OPERATION INC,NA,1728   GLENDALE BLVD,LOS ANGELES,90026,-118.2594,34.0865,13
2007,RDC COLLECTIVE CORP,NA,18448 OXNARD STREET,TARZANA,91356,-118.535,34.1799,3
2022,TRIBE FARMS LLC,NA,222 W 38TH STREET,LOS ANGELES,90037,-118.2768,34.0137,9
2023,11500 VERMONT HOLDINGS LLC,NA,10020 S FIGUEROA STREET,LOS ANGELES,90003,-118.2822,33.9449,8
2021,ELISE MANAGEMENT,NA,1550 CALZONA STREET,LOS ANGELES,90023,-118.1963,34.0146,14
2018,IMPERIAL PROJECT LLC,NA,2043   IMPERIAL STREET,LOS ANGELES,90021,-118.2318,34.0203,14
2022,FOUR GREEN GUYS,THE SYNDICATE NORTHRIDGE,8222 TAMPA AVENUE,RESEDA,91335,-118.5531,34.2199,3
2018,BEARD BROS INC,NA,11951   VOSE STREET,NORTH HOLLYWOOD,91605,-118.5779,34.193,3
2009,ADVANCED PAIN SOLUTIONS INC,GRACE,2340 S CENTINELA AVENUE,LOS ANGELES,90064,-118.4541,34.0288,11
2011,HUNTINGTON PATIENTS ASSOCIATION COOPERATIVE INC,NA,7011   CANOGA AVENUE,CANOGA PARK,91303,-118.5981,34.1978,3
2023,MBM KOSHER,NA,10245 1/2 GLENOAKS BLVD,PACOIMA,91331,-118.3954,34.2557,7
2021,GENPOP PROJECTS INC,NA,15821 VENTURA BLVD SUITE #370,ENCINO,91436,-118.4782,34.156,4
2021,ALEF CANNABIS LLC,NA,13324   ESTRELLA AVENUE   #B,GARDENA,90248,-118.2855,33.9108,15
2006,"MISSION HILLS PATIENTS COLLECTIVE, INC",NA,18446   HART STREET   UNIT #M1-M2,RESEDA,91335,-118.5351,34.1971,4
2018,BALL FAMILY FARMS,NA,15001 S FIGUEROA STREET,GARDENA,90248,-118.2842,33.8957,15
2022,SEVAK OVSEPYAN,NA,4552   DORAN STREET,LOS ANGELES,90039,-118.277,34.1531,13
2020,BACKBONE DISTRIBUTION,BACKBONE DISTRIBUTION,5820 N PARAMOUNT BLVD,LONG BEACH,90805,-118.1595,33.8607,0
2023,ZZ DELIVERY LLC,NA,8759 VENICE BLVD,LOS ANGELES,90034,-118.3842,34.0318,10
2007,CANA ROOTS,KUSH KORNER CAREGIVERS,11045   SHERMAN WAY,SUN VALLEY,91352,-118.376,34.2254,6
2022,WESTERN GRAND STARZ COLLECTIVE LLC,LALALAND,2306 S VERMONT AVENUE,LOS ANGELES,90007,-118.2914,34.0349,8
2018,HIGH POINT CONCEPTS INC,NA,1711 E 23RD STREET,LOS ANGELES,90058,-118.2424,34.0161,9
2022,1539 MANCHESTER HOLDINGS LLC,NA,8300 S NORMANDIE AVENUE,LOS ANGELES,90044,-118.2999,33.9634,8
2007,ONESRA ENTERPRISES INC,EUPHORIC CARE GIVERS  PROP 215 | EUPHORIC CARE GIVERS / PROP 215,10655 W PICO BLVD,LOS ANGELES,90064,-118.4234,34.0426,5
2007,VFARM1509 INC,ROSE COLLECTIVE,411   ROSE AVENUE,VENICE,90291,-118.4749,33.9979,11
2006,CALIFORNIA COMPASSIONATE CARE NETWORK INC,MMD NORTH HOLLYWOOD,4720 VINELAND AVENUE,NORTH HOLLYWOOD,91602,-118.3702,34.1558,2
2006,HERBAL SOLUTIONS PRE ICO LLC,URBAN TREEZ,11376   VENTURA BLVD,STUDIO CITY,91604,-118.3787,34.1396,4
2007,VENICE CAREGIVER FOUNDATION INC,MEDMEN ABBOT KINNEY,1310   ABBOT KINNEY BLVD,VENICE,90291,-118.4678,33.9909,11
2018,RJRC LLC,NA,7931   DEERING AVENUE,CANOGA PARK,91304,-118.5955,34.2144,3
2018,CALIGREEN LABORATORY,NA,"13340   SATICOY STREET   UNIT #H, I, J",NORTH HOLLYWOOD,91605,-118.424,34.2076,2
2017,"SAINT ANGELES, LLC",NA,6112 S ST ANDREWS PLACE,LOS ANGELES,90047,-118.3109,33.9839,8
2023,CIRCLE OF HOPE ALLIANCE,NA,8311 BALBOA BLVD,NORTHRIDGE,91325,-118.5028,34.2217,12
2007,HYPERION HEALING LLC,WHEELHOUSE VENICE,712 LINCOLN BLVD,VENICE,90291,-118.464,33.9998,11
2018,TOPLINE COLLECTIVE,SHERMAN OAKS ORGANIC,643   GLADYS AVENUE,LOS ANGELES,90021,-118.2432,34.0394,14
2023,AETHER HEADQUARTERS INC,NA,11675 SHELDON STREET,SUN VALLEY,91352,-118.3871,34.2447,6
2021,SOUTHERN CANNABIS INC,NA,15937   ARMINTA STREET,VAN NUYS,91406,-118.4802,34.2142,6
2021,NATURAL HOLDINGS INC,NA,7716 BURNET AVENUE,VAN NUYS,91405,-118.4627,34.2105,6
2021,TGE ENTERPRISES INC,NA,8707 VENICE BLVD,LOS ANGELES,90034,-118.3828,34.0328,10
2022,1346 LA LLC,NA,2317 S SANTA FE AVENUE,LOS ANGELES,90058,-118.2316,34.0173,14
2023,MRS BUDZ LLC,NA,14425 SYLVAN STREET,VAN NUYS,91401,-118.4475,34.185,6
2022,SNAP ENTERPRISES LLC,NA,5300 W SUNSET BLVD    #3,LOS ANGELES,90027,-118.3059,34.0977,13
2006,KINDER UNDERSTANDING SENSITIVE HEALING COLLECTIVE INC,KUSH COLLECTIVE,16770 STAGG STREET,VAN NUYS,91406,-118.4976,34.2131,6
2006,MEDICAL CAREGIVERS COMPANY,NA,1039 N MISSION ROAD,LOS ANGELES,90033,-118.2156,34.0595,14
2007,HARBOR CAREGIVERS INC,CANNASSEUR'S CLUB,11307   VANOWEN STREET,NORTH HOLLYWOOD,91605,-118.3771,34.1943,2
2007,CITY COMPASSIONATE CAREGIVERS  INC,CCC / CITY COMPASSIONATE CAREGIVERS | CITY COMPASSIONATE CAREGIVERS,2235 E 7TH STREET,LOS ANGELES,90023,-118.2237,34.0348,14
2018,JAE MANAGEMENT LLC,NA,1111 E 10TH STREET,LOS ANGELES,90021,-118.2461,34.0327,14
2022,VENICE BILLIONAIRES INC,VENICE BOYS CANNABIS,401 E 11TH STREET UNIT #301,LOS ANGELES,90015,-118.2546,34.0371,14
2018,ELISE MANAGEMENT,NA,1651   MATEO STREET,LOS ANGELES,90021,-118.2329,34.0251,14
2006,"UNIVERSAL HERBAL CENTER, LLC",THE MARIJUANA FACTORY,9155   DEERING AVENUE,CHATSWORTH,91311,-118.5962,34.2368,12
2018,"PUBLIC ONLY SERVICES, INC",NA,21350   NORDHOFF STREET   UNIT #101,CHATSWORTH,91311,-118.5965,34.2345,3
2022,AUXIN OPERATIVE LLC,NA,1357 E 16TH STREET,LOS ANGELES,90021,-118.247,34.0257,14
2022,LION'S DEN CANNABIS,LION'S DEN CANNABIS,5700 FORTUNA STREET,LOS ANGELES,90011,-118.2453,33.9912,9
2019,GE GRANADA HILLS INC,GREEN EARTH GRANADA HILLS,17719 CHATSWORTH STREET,GRANADA HILLS,91344,-118.5205,34.2652,12
2018,LA FRESH FARMS,NA,6800 MCKINLEY AVENUE,LOS ANGELES,90001,-118.2612,33.978,9
2022,HIGHLAND PARK PATIENT COLLECTIVE INC,NA,21200 ERWIN STREET,WOODLAND HILLS,91367,-118.5943,34.1824,3
2018,PACIFIC WEST DISTRIBUTORS,NA,3238   UNION PACIFIC AVENUE,LOS ANGELES,90023,-118.2099,34.0166,14
2018,KC CURZ INC,NA,22849   LOCKNESS AVENUE,TORRANCE,90501,-118.3073,33.8177,15
2018,SYNAPSE UNLIMITED,BEVERLY HILLS CBD | QUALITY GENETIX,930 S ROBERTSON BLVD   SUITE #B,LOS ANGELES,90035,-118.3833,34.06,5
2018,DUB BROTHERS MANAGEMENT LLC,NA,717   STANFORD AVENUE,LOS ANGELES,90021,-118.2451,34.0388,14
2021,14901 SHERMAN WAY LLC,NA,14903 SHERMAN WAY,VAN NUYS,91405,-118.4577,34.2012,6
2006,GREENHOUSE HERBAL CENTER LLC,NA,5224 HOLLYWOOD BLVD,LOS ANGELES,90027,-118.3042,34.1017,13
2018,5707 VENTURES LLC,CITY OF TREES,5400 S BROADWAY,LOS ANGELES,90037,-118.2779,33.9932,9
2018,NASCIENT I LLC,NA,9419   MASON AVENUE   #C,CHATSWORTH,91311,-118.581,34.2413,12
2023,SPRINGS ANGELES LLC,ELEVATED BOULEVARD,435 E VERNON AVENUE,LOS ANGELES,90011,-118.2683,34.0041,9
2018,REAPS COMPANY LLC,NA,1901 S ALAMEDA STREET   UNIT #116-118,LOS ANGELES,90058,-118.2401,34.0195,9
2022,AEON INDUSTRIAL INC,NA,1147 WALL STREET,LOS ANGELES,90015,-118.2554,34.0355,14
2018,CALISOURCES LLC,NA,3122 S GRAND AVENUE,LOS ANGELES,90007,-118.2746,34.0221,9
2018,ANAT GROUP INC,NA,7463   VARNA AVENUE,NORTH HOLLYWOOD,91605,-118.4253,34.2066,2
2018,OMERTA FARMS LLC,NA,197 E JEFFERSON BLVD,LOS ANGELES,90011,-118.2695,34.0175,9
2022,SEVAK OVSEPYAN,NA,4550 DORAN STREET,LOS ANGELES,90039,-118.2772,34.1518,13
2022,ALKHEMIST M4 LLC,NA,1370 ESPERANZA STREET,LOS ANGELES,90023,-118.2006,34.0174,14
2023,PUFF LA LLC,NA,5400 FLEMISH LANE,LOS ANGELES,90029,-118.3073,34.091,13
2021,PALLADIUM ALLIANCE LLC,DR. GREENTHUMB'S LAX,5494 W CENTINELA AVENUE,LOS ANGELES,90045,-118.3764,33.9768,11
2022,CRAFTON SELECT LLC,NA,5718   HOLMES AVENUE   UNIT #B,VERNON,90058,-118.2408,33.9907,9
2022,"TIGRANLEVONANDLAV, LLC",NA,7543 TAMPA AVENUE,RESEDA,91335,-118.554,34.2078,3
2018,VAMPA OIL LLC,NA,3412   EMERY STREET,LOS ANGELES,90023,-118.2064,34.0152,14
2021,AOL ENTERPRISES INC,NA,857 N LA CIENEGA BLVD,LOS ANGELES,90069,-118.3768,34.0868,5
2007,NATURES CURE INC,MEDMEN LAX | MEDMEN - LAX,8740 S SEPULVEDA BLVD   #105,LOS ANGELES,90045,-118.3958,33.9577,11
2007,HOLISTIC ALTERNATIVE INC. #57/D,NA,18306   EDDY STREET,NORTHRIDGE,91325,-118.5319,34.2273,12
2006,"CANNA HEALTHCARE, INC",CLOUD 8TH DTLA,2111   LONG BEACH AVENUE,LOS ANGELES,90058,-118.2438,34.0177,9
2018,VALLEY SUPPLY GROUP LLC,NA,20339 NORDHOFF STREET,CHATSWORTH,91311,-118.5772,34.2325,12
2013,GREEN LEAF VIP INC,NA,8501 S FIGUEROA STREET,LOS ANGELES,90003,-118.2827,33.9611,8
2007,"MMD, INC.",NA,1515 N CAHUENGA BLVD,LOS ANGELES,90028,-118.3298,34.0985,13
2018,CALIFORNIA MARIJUANA COMPANY,NA,2314 E 8TH STREET,LOS ANGELES,90021,-118.2317,34.0293,14
2007,DISCOUNT CAREGIVERS,DC COLLECTIVE | DC COLLECTIVE & CLOUD 9 DISTRIBUTION,8053 DEERING AVENUE,CANOGA PARK,91304,-118.595,34.2164,3
2018,SPENCER WONG,NA,16121   LEADWELL STREET,VAN NUYS,91406,-118.4845,34.2042,6
2018,NZ GROUP LLC,NA,657   CROCKER STREET,LOS ANGELES,90021,-118.2455,34.0409,14
2018,CIRCULAR ENTERPRISES INC.,NA,940 S ALAMEDA STREET,LOS ANGELES,90021,-118.2388,34.0259,14
2005,MARINA CAREGIVERS' COOPERATIVE INC,NA,13453 BEACH AVENUE,MARINA DEL REY,90292,-118.4455,33.9906,11
2023,ALTERNATIVE RESEARCH GROUP,NA,9450 TOPANGA CANYON BLVD,CHATSWORTH,91311,-118.6054,34.2422,12
2023,"PARDIS WORKS, INC",NA,13724 DESMOND STREET,PACOIMA,91331,-118.4315,34.2737,7
2021,LADAY AND GUERRA GENERAL PARTNERSHIP,NA,178 S ALVARADO STREET SUITE #203,LOS ANGELES,90057,-118.2715,34.0646,1
2018,VILLAGE FLORA INC,NA,7628   SAN FERNANDO ROAD,SUN VALLEY,91352,-118.355,34.2104,2
2018,MENDING ANGEL'S COOPERATIVE INC,NA,829 S LOS ANGELES STREET,LOS ANGELES,90014,-118.2535,34.0415,14
2018,MAD ORGANIX LLC,NA,6711   VALJEAN AVENUE,VAN NUYS,91406,-118.4864,34.1924,6
2023,982 WESTERN LLC,NA,8459 S BROADWAY,LOS ANGELES,90003,-118.2788,33.9616,9
2023,ANNIE MAE LLC,NA,9074 DE GARMO AVENUE,SUN VALLEY,91352,-118.3732,34.2343,6
2018,PACIFIC WEST DISTRIBUTORS,NA,3325   UNION PACIFIC AVENUE,LOS ANGELES,90023,-118.2081,34.0167,14
2018,WESTSIDE HYDE PROJECT LLC,NA,2110   HYDE PARK BLVD,LOS ANGELES,90047,-118.3158,33.985,8
2018,SANTANA MONTANA INC.,NA,2432 S BROADWAY,LOS ANGELES,90007,-118.2687,34.0264,9
2022,GREEN DISTRIBUTION SERVICES INC,NA,7245 FULTON AVENUE,NORTH HOLLYWOOD,91605,-118.4231,34.2024,2
2006,ADVANCED PATIENTS' COLLECTIVE,MEDMEN DTLA,735 S BROADWAY,LOS ANGELES,90014,-118.2544,34.0446,14
2018,1000 PALMS ASSOCIATES GROUP INC,COOKIES,935 E 59TH STREET,LOS ANGELES,90001,-118.258,33.9877,9
2021,TAT KOREATOWN LLC,THE ARTIST TREE,520 S WESTERN AVENUE,LOS ANGELES,90020,-118.3087,34.0647,10
2014,JONATHAN M FINE,NA,4316 GLENALBYN DRIVE,LOS ANGELES,90065,-118.2096,34.0963,1
2023,SMART MED SOLUTIONS,NA,11841 SHELDON STREET UNIT #3,SUN VALLEY,91352,-118.3916,34.2415,6
2018,B PERRIS GROW LLC,NA,15948 ARMINTA STREET,VAN NUYS,91406,-118.481,34.2135,6
2018,SUPPLEMENTAL ORGANIC SOLUTIONS INC,NA,7010 AVALON BLVD,LOS ANGELES,90003,-118.2645,33.976,9
2018,CALITREE,NA,649 S ANDERSON STREET,LOS ANGELES,90023,-118.2235,34.037,14
2018,CALIFORNIA CANNABIS TESTING LABS,NA,18417   BRYANT STREET,NORTHRIDGE,91325,-118.5346,34.2276,12
2006,"HHC PLUS, INC., A CALIFORNIA NON-PROFIT CORPORATION",NA,1901 S ALAMEDA STREET #112,LOS ANGELES,90058,-118.2396,34.0186,14
2006,PEACE OF GREEN INC,NA,1149  E PICO BLVD    #,LOS ANGELES,90021,-118.2467,34.0299,14
2021,COMMUNITY CREATIVE NETWORK,CANNATONIC FARMS,15424   CABRITO ROAD   UNIT #3,VAN NUYS,91406,-118.4691,34.2163,6
2018,PACIFIC WEST DISTRIBUTORS,NA,3217   UNION PACIFIC AVENUE,LOS ANGELES,90023,-118.2103,34.0172,14
2018,CITY OF ANGELS PATIENT GROUP COOPERATIVE CORPORATION,NA,2124   VIOLET STREET,LOS ANGELES,90021,-118.229,34.0323,14
2023,EUPHORIA GRAS,NA,8559 VENICE BLVD,LOS ANGELES,90034,-118.3791,34.035,10
2006,THE NATURAL WAY OF L A,ROYAL GREENS,5067 W WASHINGTON BLVD,LOS ANGELES,90016,-118.3503,34.0412,10
2022,PUFF N' LUFF INC,NA,8666 LINDLEY AVENUE,NORTHRIDGE,91325,-118.5272,34.2283,12
2018,MEDICAL CURE COMPASSION COLLECTIVE,MC3,7674 N SAN FERNANDO ROAD,SUN VALLEY,91352,-118.251,34.0592,14
2022,PLANET NEPTUNE LLC,STIIIZY PCH WILMINGTON,1026 W PACIFIC COAST HIGHWAY,WILMINGTON,90744,-118.2761,33.7902,15
2022,OAK GROVE GROUP LLC,NA,7095 HOLLYWOOD BLVD SUITE #201,LOS ANGELES,90028,-118.345,34.1019,13
2022,RDS MANAGEMENT AND CONSULTING LLC,NA,3619 E OLYMPIC BLVD,LOS ANGELES,90023,-118.2006,34.0191,14
2007,CORNERSTONE RESEARCH COLLECTIVE,CORNERSTONE WELNESS,2551 COLORADO BLVD,LOS ANGELES,90041,-118.222,34.1417,14
2007,"SO CAL THE SYNDICATE, INC.",THE SYNDICATE,6322 FALLBROOK AVENUE,WOODLAND HILLS,91367,-118.6233,34.1849,3
2021,L.E.O.GROUP.LLC,NA,4367 S VAN NESS AVENUE,LOS ANGELES,90062,-118.3174,34.0039,8
2022,LKJ11 LLC,NA,5041 LANKERSHIM BLVD,NORTH HOLLYWOOD,91601,-118.3733,34.162,2
2022,LA ERUDITE VENTURES,HERB N JOY,850 S ROBERTSON BLVD FLOOR #1ST,LOS ANGELES,90035,-118.3832,34.0615,5
2018,MVN PRODUCTIONS LLC,NA,13540   DESMOND STREET,PACOIMA,91331,-118.4268,34.2752,7
2007,DOWNTOWN NATURAL CAREGIVERS INC.,DOWNTOWN NATURAL CAREGIVERS,1705 HOOPER AVENUE,LOS ANGELES,90021,-118.2455,34.0233,14
2018,FF CONSULTING LLC,NA,3501   EMERY STREET,LOS ANGELES,90023,-118.2025,34.0145,14
2007,SMART COLLECTIVE INC,NA,10745   RIVERSIDE DRIVE,NORTH HOLLYWOOD,91602,-118.3651,34.1526,2
2006,"CALIFORNIA HERBAL REMEDIES, INC",LOS ANGELES KUSH # 1,5470   VALLEY BLVD,LOS ANGELES,90032,-118.1638,34.0734,14
2018,PAET REAL ESTATE LLC,NA,5537   CLEON AVENUE,NORTH HOLLYWOOD,91601,-118.3689,34.1713,2
2021,NEW LEAF COLLECTIVE,NA,525 E 9TH STREET,LOS ANGELES,90015,-118.2515,34.0386,14
2018,PRIVATE LINE SERVICE LLC,AIMS HORTICULTURE,15015   OXNARD STREET,VAN NUYS,91411,-118.4603,34.1797,6
2018,CHRISTOPHER RYAN THOMAS,NA,3236   UNION PACIFIC AVENUE,LOS ANGELES,90023,-118.2099,34.0165,14
2007,"THE GREEN EARTH FARMACIE, INC",EMBERZ,7756 BURNET AVENUE,VAN NUYS,91405,-118.4625,34.2118,6
